subject_prefix,teaching_assignment_count,section_count,earliest_term,latest_term,governed_owner_unit_id,governed_owner_display_name,owner_unit_type,owner_current_status,mapped_profile_unit_id,mapped_department_profile_id,mapping_result,sections_with_enrollment,sections_with_credits,sch_ready_section_count
ACCT,294,294,2020_fall,2027_spring,academic_unit:department_accounting_finance,Department of Accounting and Finance,department,current,academic_unit:department_accounting_finance,department_profile:department_accounting_finance:e0228c5dea1374fb,mapped,294,294,294
AMST,223,223,2020_fall,2027_spring,academic_unit:department_leadership_american_studies,Department of Leadership and American Studies,department,current,academic_unit:department_leadership_american_studies,department_profile:department_leadership_american_studies:cdb0732b247458ae,mapped,223,223,223
ANTH,128,128,2020_fall,2027_spring,academic_unit:department_sociology_social_work_anthropology,"Department of Sociology, Social Work and Anthropology",department,current,academic_unit:department_sociology_social_work_anthropology,department_profile:department_sociology_social_work_anthropology:6dda6869c020bc4d,mapped,128,128,128
ARAB,45,45,2020_fall,2027_spring,academic_unit:department_modern_classical_languages_literatures,Department of Modern and Classical Languages and Literatures,department,current,academic_unit:department_modern_classical_languages_literatures,department_profile:department_modern_classical_languages_literatures:2bdc79b501e87727,mapped,45,45,45
BASN,18,18,2020_fall,2026_fall,academic_unit:department_music_theatre_dance,"Department of Music, Theatre, and Dance",department,current,academic_unit:department_music_theatre_dance,department_profile:department_music_theatre_dance:10336aa27031c101,mapped,18,18,18
BASS,4,4,2021_fall,2024_fall,academic_unit:department_music_theatre_dance,"Department of Music, Theatre, and Dance",department,current,academic_unit:department_music_theatre_dance,department_profile:department_music_theatre_dance:10336aa27031c101,mapped,4,4,4
BCHM,45,45,2020_fall,2027_spring,academic_unit:department_biology_chemistry_environmental_science,"Department of Biology, Chemistry, and Environmental Science",department,current,academic_unit:department_biology_chemistry_environmental_science,department_profile:department_biology_chemistry_environmental_science:6f64ad6108973301,mapped,45,45,45
BIOL,1552,1552,2020_fall,2027_spring,academic_unit:department_biology_chemistry_environmental_science,"Department of Biology, Chemistry, and Environmental Science",department,current,academic_unit:department_biology_chemistry_environmental_science,department_profile:department_biology_chemistry_environmental_science:6f64ad6108973301,mapped,1552,1552,1552
BTMG,34,34,2020_fall,2025_spring,academic_unit:department_music_theatre_dance,"Department of Music, Theatre, and Dance",department,current,academic_unit:department_music_theatre_dance,department_profile:department_music_theatre_dance:10336aa27031c101,mapped,34,34,34
BUSN,663,663,2020_fall,2027_spring,academic_unit:luter_school_business,"Joseph W. Luter, III School of Business",independent_school,current,,,non_department_owner,663,663,663
CELL,21,21,2020_fall,2026_spring,academic_unit:department_music_theatre_dance,"Department of Music, Theatre, and Dance",department,current,academic_unit:department_music_theatre_dance,department_profile:department_music_theatre_dance:10336aa27031c101,mapped,21,21,21
CHEM,751,751,2020_fall,2027_spring,academic_unit:department_biology_chemistry_environmental_science,"Department of Biology, Chemistry, and Environmental Science",department,current,academic_unit:department_biology_chemistry_environmental_science,department_profile:department_biology_chemistry_environmental_science:6f64ad6108973301,mapped,751,751,751
CHIN,58,58,2020_fall,2027_spring,academic_unit:department_modern_classical_languages_literatures,Department of Modern and Classical Languages and Literatures,department,current,academic_unit:department_modern_classical_languages_literatures,department_profile:department_modern_classical_languages_literatures:2bdc79b501e87727,mapped,58,58,58
CHLF,4,4,2023_fall,2027_spring,academic_unit:department_psychology,Department of Psychology,department,current,academic_unit:department_psychology,department_profile:department_psychology:cad055d6dd5722d5,mapped,4,4,4
CLAR,38,38,2020_fall,2026_fall,academic_unit:department_music_theatre_dance,"Department of Music, Theatre, and Dance",department,current,academic_unit:department_music_theatre_dance,department_profile:department_music_theatre_dance:10336aa27031c101,mapped,38,38,38
CLST,97,97,2020_fall,2027_spring,academic_unit:department_modern_classical_languages_literatures,Department of Modern and Classical Languages and Literatures,department,current,academic_unit:department_modern_classical_languages_literatures,department_profile:department_modern_classical_languages_literatures:2bdc79b501e87727,mapped,97,97,97
COLL,102,102,2020_fall,2027_spring,academic_unit:office_provost,Office of the Provost,university_unit,current,,,non_department_owner,102,102,102
COMM,671,671,2020_fall,2027_spring,academic_unit:department_communication_studies,Department of Communication Studies,department,current,academic_unit:department_communication_studies,department_profile:department_communication_studies:6765b42c7ca212ed,mapped,671,671,671
COMP,59,59,2020_fall,2026_fall,academic_unit:department_music_theatre_dance,"Department of Music, Theatre, and Dance",department,current,academic_unit:department_music_theatre_dance,department_profile:department_music_theatre_dance:10336aa27031c101,mapped,59,59,59
COND,17,17,2020_fall,2026_fall,academic_unit:department_music_theatre_dance,"Department of Music, Theatre, and Dance",department,current,academic_unit:department_music_theatre_dance,department_profile:department_music_theatre_dance:10336aa27031c101,mapped,17,17,17
CPEN,128,128,2020_fall,2027_spring,academic_unit:sec,School of Engineering and Computing,dependent_school,current,academic_unit:sec,department_profile:sec:3a5a92d0042b9a57,mapped,128,128,128
CPSC,817,817,2020_fall,2027_spring,academic_unit:sec,School of Engineering and Computing,dependent_school,current,academic_unit:sec,department_profile:sec:3a5a92d0042b9a57,mapped,817,817,817
CRIM,158,158,2020_fall,2027_spring,academic_unit:department_sociology_social_work_anthropology,"Department of Sociology, Social Work and Anthropology",department,current,academic_unit:department_sociology_social_work_anthropology,department_profile:department_sociology_social_work_anthropology:6dda6869c020bc4d,mapped,158,158,158
CYBR,102,102,2020_fall,2027_spring,academic_unit:sec,School of Engineering and Computing,dependent_school,current,academic_unit:sec,department_profile:sec:3a5a92d0042b9a57,mapped,102,102,102
DANC,143,143,2020_fall,2027_spring,academic_unit:department_music_theatre_dance,"Department of Music, Theatre, and Dance",department,current,academic_unit:department_music_theatre_dance,department_profile:department_music_theatre_dance:10336aa27031c101,mapped,143,143,143
DATA,12,12,2021_fall,2027_spring,academic_unit:sec,School of Engineering and Computing,dependent_school,current,academic_unit:sec,department_profile:sec:3a5a92d0042b9a57,mapped,12,12,12
DTAN,7,7,2024_spring,2027_spring,academic_unit:department_economics,Department of Economics,department,current,academic_unit:department_economics,department_profile:department_economics:0da30b5e3e4e4f56,mapped,7,7,7
ECON,437,437,2020_fall,2027_spring,academic_unit:department_economics,Department of Economics,department,current,academic_unit:department_economics,department_profile:department_economics:0da30b5e3e4e4f56,mapped,437,437,437
EENG,95,95,2020_fall,2027_spring,academic_unit:sec,School of Engineering and Computing,dependent_school,current,academic_unit:sec,department_profile:sec:3a5a92d0042b9a57,mapped,95,95,95
ENGL,1062,1062,2020_fall,2027_spring,academic_unit:department_english,Department of English,department,current,academic_unit:department_english,department_profile:department_english:57d08ef0f72950e5,mapped,1062,1062,1062
ENGR,97,97,2020_fall,2027_spring,academic_unit:sec,School of Engineering and Computing,dependent_school,current,academic_unit:sec,department_profile:sec:3a5a92d0042b9a57,mapped,97,97,97
ENVS,194,194,2020_fall,2027_spring,academic_unit:department_biology_chemistry_environmental_science,"Department of Biology, Chemistry, and Environmental Science",department,current,academic_unit:department_biology_chemistry_environmental_science,department_profile:department_biology_chemistry_environmental_science:6f64ad6108973301,mapped,194,194,194
EUPH,11,11,2020_fall,2026_fall,academic_unit:department_music_theatre_dance,"Department of Music, Theatre, and Dance",department,current,academic_unit:department_music_theatre_dance,department_profile:department_music_theatre_dance:10336aa27031c101,mapped,11,11,11
EVST,9,9,2021_spring,2026_fall,academic_unit:department_biology_chemistry_environmental_science,"Department of Biology, Chemistry, and Environmental Science",department,current,academic_unit:department_biology_chemistry_environmental_science,department_profile:department_biology_chemistry_environmental_science:6f64ad6108973301,mapped,9,9,9
FINC,210,210,2020_fall,2027_spring,academic_unit:department_accounting_finance,Department of Accounting and Finance,department,current,academic_unit:department_accounting_finance,department_profile:department_accounting_finance:e0228c5dea1374fb,mapped,210,210,210
FLUT,49,49,2020_fall,2026_fall,academic_unit:department_music_theatre_dance,"Department of Music, Theatre, and Dance",department,current,academic_unit:department_music_theatre_dance,department_profile:department_music_theatre_dance:10336aa27031c101,mapped,49,49,49
FNAR,512,512,2020_fall,2027_spring,academic_unit:department_fine_art_art_history,Department of Fine Arts and Art History,department,current,academic_unit:department_fine_art_art_history,department_profile:department_fine_art_art_history:58934a40b010cc67,mapped,512,512,512
FREN,118,118,2020_fall,2027_spring,academic_unit:department_modern_classical_languages_literatures,Department of Modern and Classical Languages and Literatures,department,current,academic_unit:department_modern_classical_languages_literatures,department_profile:department_modern_classical_languages_literatures:2bdc79b501e87727,mapped,118,118,118
GEOG,75,75,2021_spring,2027_spring,academic_unit:department_sociology_social_work_anthropology,"Department of Sociology, Social Work and Anthropology",department,current,academic_unit:department_sociology_social_work_anthropology,department_profile:department_sociology_social_work_anthropology:6dda6869c020bc4d,mapped,75,75,75
GERM,94,94,2020_fall,2027_spring,academic_unit:department_modern_classical_languages_literatures,Department of Modern and Classical Languages and Literatures,department,current,academic_unit:department_modern_classical_languages_literatures,department_profile:department_modern_classical_languages_literatures:2bdc79b501e87727,mapped,94,94,94
GREK,8,8,2020_fall,2025_fall,academic_unit:department_modern_classical_languages_literatures,Department of Modern and Classical Languages and Literatures,department,current,academic_unit:department_modern_classical_languages_literatures,department_profile:department_modern_classical_languages_literatures:2bdc79b501e87727,mapped,8,8,8
GUIT,6,6,2021_fall,2026_fall,academic_unit:department_music_theatre_dance,"Department of Music, Theatre, and Dance",department,current,academic_unit:department_music_theatre_dance,department_profile:department_music_theatre_dance:10336aa27031c101,mapped,6,6,6
HARP,2,2,2020_fall,2021_spring,academic_unit:department_music_theatre_dance,"Department of Music, Theatre, and Dance",department,current,academic_unit:department_music_theatre_dance,department_profile:department_music_theatre_dance:10336aa27031c101,mapped,2,2,2
HBRW,3,3,2020_fall,2021_fall,academic_unit:department_modern_classical_languages_literatures,Department of Modern and Classical Languages and Literatures,department,current,academic_unit:department_modern_classical_languages_literatures,department_profile:department_modern_classical_languages_literatures:2bdc79b501e87727,mapped,3,3,3
HEAL,20,20,2025_spring,2027_spring,academic_unit:department_communication_studies,Department of Communication Studies,department,current,academic_unit:department_communication_studies,department_profile:department_communication_studies:6765b42c7ca212ed,mapped,20,20,20
HIST,728,728,2020_fall,2027_spring,academic_unit:department_history,Department of History,department,current,academic_unit:department_history,department_profile:department_history:683402f08f8c24ea,mapped,728,728,728
HONR,498,498,2020_fall,2027_spring,academic_unit:honors_program,Honors Program,academic_program,current,,,non_department_owner,498,498,498
HORN,21,21,2020_fall,2026_fall,academic_unit:department_music_theatre_dance,"Department of Music, Theatre, and Dance",department,current,academic_unit:department_music_theatre_dance,department_profile:department_music_theatre_dance:10336aa27031c101,mapped,21,21,21
HUMN,2,2,2021_spring,2025_spring,academic_unit:department_modern_classical_languages_literatures,Department of Modern and Classical Languages and Literatures,department,current,academic_unit:department_modern_classical_languages_literatures,department_profile:department_modern_classical_languages_literatures:2bdc79b501e87727,mapped,2,2,2
IDST,128,128,2020_fall,2027_spring,academic_unit:office_provost,Office of the Provost,university_unit,current,,,non_department_owner,128,128,128
IMPR,3,3,2023_spring,2024_spring,academic_unit:department_music_theatre_dance,"Department of Music, Theatre, and Dance",department,current,academic_unit:department_music_theatre_dance,department_profile:department_music_theatre_dance:10336aa27031c101,mapped,3,3,3
ITAL,29,29,2020_fall,2026_fall,academic_unit:department_modern_classical_languages_literatures,Department of Modern and Classical Languages and Literatures,department,current,academic_unit:department_modern_classical_languages_literatures,department_profile:department_modern_classical_languages_literatures:2bdc79b501e87727,mapped,29,29,29
LATN,76,76,2020_fall,2027_spring,academic_unit:department_modern_classical_languages_literatures,Department of Modern and Classical Languages and Literatures,department,current,academic_unit:department_modern_classical_languages_literatures,department_profile:department_modern_classical_languages_literatures:2bdc79b501e87727,mapped,76,76,76
LDSP,607,607,2020_fall,2027_spring,academic_unit:department_leadership_american_studies,Department of Leadership and American Studies,department,current,academic_unit:department_leadership_american_studies,department_profile:department_leadership_american_studies:cdb0732b247458ae,mapped,607,607,607
MATH,882,882,2020_fall,2027_spring,academic_unit:department_mathematics,Department of Mathematics,department,current,academic_unit:department_mathematics,department_profile:department_mathematics:c2b4cba1e01b5495,mapped,882,882,882
MBCH,1,1,2023_spring,2023_spring,academic_unit:department_biology_chemistry_environmental_science,"Department of Biology, Chemistry, and Environmental Science",department,current,academic_unit:department_biology_chemistry_environmental_science,department_profile:department_biology_chemistry_environmental_science:6f64ad6108973301,mapped,1,1,1
MECH,5,5,2026_fall,2027_spring,academic_unit:sec,School of Engineering and Computing,dependent_school,current,academic_unit:sec,department_profile:sec:3a5a92d0042b9a57,mapped,5,5,5
MGMT,123,123,2020_fall,2027_spring,academic_unit:department_management_marketing,Department of Management and Marketing,department,current,academic_unit:department_management_marketing,department_profile:department_management_marketing:b693fc111b09f85f,mapped,123,123,123
MKTG,114,114,2020_fall,2027_spring,academic_unit:department_management_marketing,Department of Management and Marketing,department,current,academic_unit:department_management_marketing,department_profile:department_management_marketing:b693fc111b09f85f,mapped,114,114,114
MLAN,76,76,2020_fall,2027_spring,academic_unit:department_modern_classical_languages_literatures,Department of Modern and Classical Languages and Literatures,department,current,academic_unit:department_modern_classical_languages_literatures,department_profile:department_modern_classical_languages_literatures:2bdc79b501e87727,mapped,76,76,76
MLSC,147,147,2020_fall,2027_spring,academic_unit:department_military_science,Military Science,department,current,academic_unit:department_military_science,department_profile:department_military_science:4ddd91d4c2412212,mapped,147,147,147
MUSC,819,819,2020_fall,2027_spring,academic_unit:department_music_theatre_dance,"Department of Music, Theatre, and Dance",department,current,academic_unit:department_music_theatre_dance,department_profile:department_music_theatre_dance:10336aa27031c101,mapped,819,819,819
NAVS,5,5,2025_fall,2026_spring,academic_unit:department_military_science,Military Science,department,current,academic_unit:department_military_science,department_profile:department_military_science:4ddd91d4c2412212,mapped,5,5,5
NEUR,202,202,2020_fall,2027_spring,academic_unit:neuroscience_program,Neuroscience Program,interdisciplinary_program,current,,,non_department_owner,202,202,202
NSCI,11,11,2021_spring,2026_summer_1,academic_unit:department_biology_chemistry_environmental_science,"Department of Biology, Chemistry, and Environmental Science",department,current,academic_unit:department_biology_chemistry_environmental_science,department_profile:department_biology_chemistry_environmental_science:6f64ad6108973301,mapped,11,11,11
OBOE,14,14,2020_fall,2026_fall,academic_unit:department_music_theatre_dance,"Department of Music, Theatre, and Dance",department,current,academic_unit:department_music_theatre_dance,department_profile:department_music_theatre_dance:10336aa27031c101,mapped,14,14,14
ORGN,6,6,2020_fall,2023_spring,academic_unit:department_music_theatre_dance,"Department of Music, Theatre, and Dance",department,current,academic_unit:department_music_theatre_dance,department_profile:department_music_theatre_dance:10336aa27031c101,mapped,6,6,6
PCSE,62,62,2020_fall,2027_spring,academic_unit:sec,School of Engineering and Computing,dependent_school,current,academic_unit:sec,department_profile:sec:3a5a92d0042b9a57,mapped,62,62,62
PERC,33,33,2020_fall,2026_fall,academic_unit:department_music_theatre_dance,"Department of Music, Theatre, and Dance",department,current,academic_unit:department_music_theatre_dance,department_profile:department_music_theatre_dance:10336aa27031c101,mapped,33,33,33
PHIL,428,428,2020_fall,2027_spring,academic_unit:department_philosophy_religion,Department of Philosophy and Religion,department,current,academic_unit:department_philosophy_religion,department_profile:department_philosophy_religion:8d4a20d802d50211,mapped,428,428,428
PHYS,477,477,2020_fall,2027_spring,academic_unit:sec,School of Engineering and Computing,dependent_school,current,academic_unit:sec,department_profile:sec:3a5a92d0042b9a57,mapped,477,477,477
PIAN,62,62,2020_fall,2026_fall,academic_unit:department_music_theatre_dance,"Department of Music, Theatre, and Dance",department,current,academic_unit:department_music_theatre_dance,department_profile:department_music_theatre_dance:10336aa27031c101,mapped,62,62,62
PMED,52,52,2020_fall,2026_fall,academic_unit:department_biology_chemistry_environmental_science,"Department of Biology, Chemistry, and Environmental Science",department,current,academic_unit:department_biology_chemistry_environmental_science,department_profile:department_biology_chemistry_environmental_science:6f64ad6108973301,mapped,52,52,52
POLS,472,472,2020_fall,2026_fall,academic_unit:department_political_science,Department of Political Science,department,current,academic_unit:department_political_science,department_profile:department_political_science:e75d73de38b96c54,mapped,472,472,472
PSYC,946,946,2020_fall,2026_fall,academic_unit:department_psychology,Department of Psychology,department,current,academic_unit:department_psychology,department_profile:department_psychology:cad055d6dd5722d5,mapped,946,946,946
RSTD,252,252,2020_fall,2026_fall,academic_unit:department_philosophy_religion,Department of Philosophy and Religion,department,current,academic_unit:department_philosophy_religion,department_profile:department_philosophy_religion:8d4a20d802d50211,mapped,252,252,252
SAXO,65,65,2020_fall,2026_fall,academic_unit:department_music_theatre_dance,"Department of Music, Theatre, and Dance",department,current,academic_unit:department_music_theatre_dance,department_profile:department_music_theatre_dance:10336aa27031c101,mapped,65,65,65
SOCL,418,418,2020_fall,2026_fall,academic_unit:department_sociology_social_work_anthropology,"Department of Sociology, Social Work and Anthropology",department,current,academic_unit:department_sociology_social_work_anthropology,department_profile:department_sociology_social_work_anthropology:6dda6869c020bc4d,mapped,418,418,418
SOWK,124,124,2020_fall,2026_fall,academic_unit:department_sociology_social_work_anthropology,"Department of Sociology, Social Work and Anthropology",department,current,academic_unit:department_sociology_social_work_anthropology,department_profile:department_sociology_social_work_anthropology:6dda6869c020bc4d,mapped,124,124,124
SPAN,475,475,2020_fall,2026_fall,academic_unit:department_modern_classical_languages_literatures,Department of Modern and Classical Languages and Literatures,department,current,academic_unit:department_modern_classical_languages_literatures,department_profile:department_modern_classical_languages_literatures:2bdc79b501e87727,mapped,475,475,475
TCHG,215,215,2020_fall,2026_fall,academic_unit:graduate_program_teacher_preparation,Teacher Preparation Graduate Program,academic_program,current,,,non_department_owner,215,215,215
THEA,388,388,2020_fall,2026_fall,academic_unit:department_music_theatre_dance,"Department of Music, Theatre, and Dance",department,current,academic_unit:department_music_theatre_dance,department_profile:department_music_theatre_dance:10336aa27031c101,mapped,388,388,388
TRMB,26,26,2020_fall,2026_fall,academic_unit:department_music_theatre_dance,"Department of Music, Theatre, and Dance",department,current,academic_unit:department_music_theatre_dance,department_profile:department_music_theatre_dance:10336aa27031c101,mapped,26,26,26
TRPT,43,43,2020_fall,2026_fall,academic_unit:department_music_theatre_dance,"Department of Music, Theatre, and Dance",department,current,academic_unit:department_music_theatre_dance,department_profile:department_music_theatre_dance:10336aa27031c101,mapped,43,43,43
TUBA,15,15,2023_fall,2026_fall,academic_unit:department_music_theatre_dance,"Department of Music, Theatre, and Dance",department,current,academic_unit:department_music_theatre_dance,department_profile:department_music_theatre_dance:10336aa27031c101,mapped,15,15,15
URCA,10,10,2024_fall,2026_fall,academic_unit:office_research_creative_activity,Office of Research and Creative Activity,university_unit,current,,,non_department_owner,10,10,10
VIOL,20,20,2020_fall,2026_fall,academic_unit:department_music_theatre_dance,"Department of Music, Theatre, and Dance",department,current,academic_unit:department_music_theatre_dance,department_profile:department_music_theatre_dance:10336aa27031c101,mapped,20,20,20
VOIC,111,111,2020_fall,2026_fall,academic_unit:department_music_theatre_dance,"Department of Music, Theatre, and Dance",department,current,academic_unit:department_music_theatre_dance,department_profile:department_music_theatre_dance:10336aa27031c101,mapped,111,111,111
VOLA,19,19,2020_fall,2024_spring,academic_unit:department_music_theatre_dance,"Department of Music, Theatre, and Dance",department,current,academic_unit:department_music_theatre_dance,department_profile:department_music_theatre_dance:10336aa27031c101,mapped,19,19,19
