academic_unit_id,department_name,direction,teaching_assignment_count,section_count,distinct_instructor_count,subject_prefixes,sections_with_enrollment,sections_with_explicit_credits,sch_ready_section_count,sch_ready_section_percent,enrollment_total,student_credit_hours,enrollment_complete,sch_complete
academic_unit:department_accounting_finance,Department of Accounting and Finance,home_faculty_outside_department,369,369,11,"[""ACCT"", ""BUSN"", ""FINC"", ""MGMT""]",369,369,369,100.0,7556,22286.0,True,True
academic_unit:department_accounting_finance,Department of Accounting and Finance,department_subjects_taught_by_outside_faculty,0,0,0,[],0,0,0,0.0,,,False,False
academic_unit:department_biology_chemistry_environmental_science,"Department of Biology, Chemistry, and Environmental Science",home_faculty_outside_department,1566,1566,29,"[""BCHM"", ""BIOL"", ""CHEM"", ""HONR"", ""MBCH"", ""NEUR"", ""PMED"", ""PSYC""]",1566,1566,1566,100.0,27499,57133.0,True,True
academic_unit:department_biology_chemistry_environmental_science,"Department of Biology, Chemistry, and Environmental Science",department_subjects_taught_by_outside_faculty,23,23,4,"[""ENVS""]",23,23,23,100.0,79,137.0,True,True
academic_unit:department_communication_studies,Department of Communication Studies,home_faculty_outside_department,420,420,11,"[""COMM"", ""HEAL"", ""HONR"", ""IDST"", ""LDSP""]",420,420,420,100.0,7415,22021.0,True,True
academic_unit:department_communication_studies,Department of Communication Studies,department_subjects_taught_by_outside_faculty,0,0,0,[],0,0,0,0.0,,,False,False
academic_unit:department_economics,Department of Economics,home_faculty_outside_department,310,310,9,"[""COMM"", ""DTAN"", ""ECON"", ""HONR""]",310,310,310,100.0,8018,24042.0,True,True
academic_unit:department_economics,Department of Economics,department_subjects_taught_by_outside_faculty,0,0,0,[],0,0,0,0.0,,,False,False
academic_unit:department_english,Department of English,home_faculty_outside_department,1113,1113,21,"[""COLL"", ""ENGL"", ""HIST"", ""HONR"", ""IDST"", ""TCHG""]",1113,1113,1113,100.0,20595,40362.0,True,True
academic_unit:department_english,Department of English,department_subjects_taught_by_outside_faculty,0,0,0,[],0,0,0,0.0,,,False,False
academic_unit:department_fine_art_art_history,Department of Fine Arts and Art History,home_faculty_outside_department,277,277,6,"[""FNAR"", ""HONR"", ""IDST""]",277,277,277,100.0,4442,13204.0,True,True
academic_unit:department_fine_art_art_history,Department of Fine Arts and Art History,department_subjects_taught_by_outside_faculty,0,0,0,[],0,0,0,0.0,,,False,False
academic_unit:department_history,Department of History,home_faculty_outside_department,441,441,11,"[""CLST"", ""ENGL"", ""HIST"", ""IDST"", ""LATN"", ""TCHG""]",441,441,441,100.0,6649,19976.0,True,True
academic_unit:department_history,Department of History,department_subjects_taught_by_outside_faculty,0,0,0,[],0,0,0,0.0,,,False,False
academic_unit:department_leadership_american_studies,Department of Leadership and American Studies,home_faculty_outside_department,421,421,10,"[""AMST"", ""BUSN"", ""HEAL"", ""HONR"", ""IDST"", ""LDSP"", ""MGMT""]",421,421,421,100.0,8021,23929.0,True,True
academic_unit:department_leadership_american_studies,Department of Leadership and American Studies,department_subjects_taught_by_outside_faculty,0,0,0,[],0,0,0,0.0,,,False,False
academic_unit:department_management_marketing,Department of Management and Marketing,home_faculty_outside_department,316,316,7,"[""ACCT"", ""BUSN"", ""CPEN"", ""CPSC"", ""FINC"", ""HONR"", ""MGMT"", ""MKTG""]",316,316,316,100.0,6201,18319.0,True,True
academic_unit:department_management_marketing,Department of Management and Marketing,department_subjects_taught_by_outside_faculty,0,0,0,[],0,0,0,0.0,,,False,False
academic_unit:department_mathematics,Department of Mathematics,home_faculty_outside_department,730,730,15,"[""HONR"", ""MATH"", ""TCHG""]",730,730,730,100.0,15131,46116.0,True,True
academic_unit:department_mathematics,Department of Mathematics,department_subjects_taught_by_outside_faculty,0,0,0,[],0,0,0,0.0,,,False,False
academic_unit:department_military_science,Military Science,home_faculty_outside_department,20,20,1,"[""MLSC""]",20,20,20,100.0,157,268.0,True,True
academic_unit:department_military_science,Military Science,department_subjects_taught_by_outside_faculty,5,5,1,"[""NAVS""]",5,5,5,100.0,5,8.0,True,True
academic_unit:department_modern_classical_languages_literatures,Department of Modern and Classical Languages and Literatures,home_faculty_outside_department,580,580,15,"[""ARAB"", ""CHIN"", ""FREN"", ""GERM"", ""HONR"", ""HUMN"", ""IDST"", ""ITAL"", ""MLAN"", ""SPAN"", ""TCHG""]",580,580,580,100.0,8093,24264.0,True,True
academic_unit:department_modern_classical_languages_literatures,Department of Modern and Classical Languages and Literatures,department_subjects_taught_by_outside_faculty,3,3,1,"[""HBRW""]",3,3,3,100.0,9,27.0,True,True
academic_unit:department_music_theatre_dance,"Department of Music, Theatre, and Dance",home_faculty_outside_department,652,652,16,"[""DANC"", ""HONR"", ""IDST"", ""MUSC"", ""TCHG"", ""THEA""]",652,652,652,100.0,9035,14878.0,True,True
academic_unit:department_music_theatre_dance,"Department of Music, Theatre, and Dance",department_subjects_taught_by_outside_faculty,517,517,39,"[""BASN"", ""BASS"", ""BTMG"", ""CELL"", ""CLAR"", ""COMP"", ""COND"", ""EUPH"", ""FLUT"", ""GUIT"", ""HARP"", ""HORN"", ""IMPR"", ""OBOE"", ""ORGN"", ""PERC"", ""PIAN"", ""SAXO"", ""TRMB"", ""TRPT"", ""TUBA"", ""VIOL"", ""VOIC"", ""VOLA""]",517,517,517,100.0,790,793.0,True,True
academic_unit:department_philosophy_religion,Department of Philosophy and Religion,home_faculty_outside_department,524,524,12,"[""EVST"", ""GERM"", ""HONR"", ""IDST"", ""PHIL"", ""RSTD""]",524,524,524,100.0,9357,28009.0,True,True
academic_unit:department_philosophy_religion,Department of Philosophy and Religion,department_subjects_taught_by_outside_faculty,0,0,0,[],0,0,0,0.0,,,False,False
academic_unit:department_political_science,Department of Political Science,home_faculty_outside_department,354,354,11,"[""DTAN"", ""HONR"", ""IDST"", ""POLS""]",354,354,354,100.0,7268,21778.0,True,True
academic_unit:department_political_science,Department of Political Science,department_subjects_taught_by_outside_faculty,0,0,0,[],0,0,0,0.0,,,False,False
academic_unit:department_psychology,Department of Psychology,home_faculty_outside_department,607,607,15,"[""HONR"", ""NEUR"", ""PSYC"", ""SOCL""]",607,607,607,100.0,13652,36550.0,True,True
academic_unit:department_psychology,Department of Psychology,department_subjects_taught_by_outside_faculty,0,0,0,[],0,0,0,0.0,,,False,False
academic_unit:department_sociology_social_work_anthropology,"Department of Sociology, Social Work and Anthropology",home_faculty_outside_department,655,655,15,"[""ANTH"", ""CRIM"", ""EVST"", ""GEOG"", ""HEAL"", ""HONR"", ""IDST"", ""PSYC"", ""SOCL"", ""SOWK""]",655,655,655,100.0,11175,33209.0,True,True
academic_unit:department_sociology_social_work_anthropology,"Department of Sociology, Social Work and Anthropology",department_subjects_taught_by_outside_faculty,0,0,0,[],0,0,0,0.0,,,False,False
academic_unit:sec,School of Engineering and Computing,home_faculty_outside_department,78,78,9,"[""DATA"", ""ENGR"", ""HONR"", ""MATH""]",78,78,78,100.0,1568,4116.0,True,True
academic_unit:sec,School of Engineering and Computing,department_subjects_taught_by_outside_faculty,672,672,49,"[""CPEN"", ""CPSC"", ""CYBR"", ""EENG"", ""MECH"", ""PCSE"", ""PHYS""]",672,672,672,100.0,13319,33014.0,True,True
