academic_unit_id,department_name,faculty,academic_term,term_label,academic_year,sch,sections,enrollment,distinct_instructors
academic_unit:department_accounting_finance,Department of Accounting and Finance,13,2020_fall,Fall 2020,2020-21,2374.0,44,792,22
academic_unit:department_accounting_finance,Department of Accounting and Finance,13,2021_spring,Spring 2021,2020-21,2602.0,42,880,18
academic_unit:department_accounting_finance,Department of Accounting and Finance,13,2021_may,Maymester 2021,2020-21,0,0,0,0
academic_unit:department_accounting_finance,Department of Accounting and Finance,13,2021_summer_1,Summer I 2021,2020-21,48.0,3,16,2
academic_unit:department_accounting_finance,Department of Accounting and Finance,13,2021_extended_summer,Extended Summer 2021,2020-21,0,0,0,0
academic_unit:department_accounting_finance,Department of Accounting and Finance,13,2021_summer_2,Summer II 2021,2020-21,0,0,0,0
academic_unit:department_accounting_finance,Department of Accounting and Finance,13,2021_fall,Fall 2021,2021-22,2308.0,47,770,20
academic_unit:department_accounting_finance,Department of Accounting and Finance,13,2022_spring,Spring 2022,2021-22,2348.0,46,796,21
academic_unit:department_accounting_finance,Department of Accounting and Finance,13,2022_may,Maymester 2022,2021-22,18.0,1,6,1
academic_unit:department_accounting_finance,Department of Accounting and Finance,13,2022_summer_1,Summer I 2022,2021-22,12.0,1,4,1
academic_unit:department_accounting_finance,Department of Accounting and Finance,13,2022_extended_summer,Extended Summer 2022,2021-22,0,0,0,0
academic_unit:department_accounting_finance,Department of Accounting and Finance,13,2022_summer_2,Summer II 2022,2021-22,0,0,0,0
academic_unit:department_accounting_finance,Department of Accounting and Finance,13,2022_fall,Fall 2022,2022-23,2050.0,38,684,16
academic_unit:department_accounting_finance,Department of Accounting and Finance,13,2023_spring,Spring 2023,2022-23,2131.0,43,731,20
academic_unit:department_accounting_finance,Department of Accounting and Finance,13,2023_may,Maymester 2023,2022-23,0,0,0,0
academic_unit:department_accounting_finance,Department of Accounting and Finance,13,2023_summer_1,Summer I 2023,2022-23,0,0,0,0
academic_unit:department_accounting_finance,Department of Accounting and Finance,13,2023_extended_summer,Extended Summer 2023,2022-23,0,0,0,0
academic_unit:department_accounting_finance,Department of Accounting and Finance,13,2023_summer_2,Summer II 2023,2022-23,0,0,0,0
academic_unit:department_accounting_finance,Department of Accounting and Finance,13,2023_fall,Fall 2023,2023-24,2285.0,40,785,14
academic_unit:department_accounting_finance,Department of Accounting and Finance,13,2024_spring,Spring 2024,2023-24,2454.0,37,870,13
academic_unit:department_accounting_finance,Department of Accounting and Finance,13,2024_may,Maymester 2024,2023-24,84.0,3,28,1
academic_unit:department_accounting_finance,Department of Accounting and Finance,13,2024_summer_1,Summer I 2024,2023-24,0,0,0,0
academic_unit:department_accounting_finance,Department of Accounting and Finance,13,2024_extended_summer,Extended Summer 2024,2023-24,0,0,0,0
academic_unit:department_accounting_finance,Department of Accounting and Finance,13,2024_summer_2,Summer II 2024,2023-24,0,0,0,0
academic_unit:department_accounting_finance,Department of Accounting and Finance,13,2024_fall,Fall 2024,2024-25,2430.0,36,810,13
academic_unit:department_accounting_finance,Department of Accounting and Finance,13,2025_spring,Spring 2025,2024-25,2632.0,37,914,12
academic_unit:department_accounting_finance,Department of Accounting and Finance,13,2025_may,Maymester 2025,2024-25,51.0,1,17,1
academic_unit:department_accounting_finance,Department of Accounting and Finance,13,2025_summer_1,Summer I 2025,2024-25,60.0,1,20,1
academic_unit:department_accounting_finance,Department of Accounting and Finance,13,2025_extended_summer,Extended Summer 2025,2024-25,0,0,0,0
academic_unit:department_accounting_finance,Department of Accounting and Finance,13,2025_summer_2,Summer II 2025,2024-25,0,0,0,0
academic_unit:department_accounting_finance,Department of Accounting and Finance,13,2025_fall,Fall 2025,2025-26,2553.0,38,851,14
academic_unit:department_accounting_finance,Department of Accounting and Finance,13,2026_spring,Spring 2026,2025-26,2878.0,41,986,14
academic_unit:department_accounting_finance,Department of Accounting and Finance,13,2026_may,Maymester 2026,2025-26,111.0,3,37,3
academic_unit:department_accounting_finance,Department of Accounting and Finance,13,2026_summer_1,Summer I 2026,2025-26,135.0,3,45,2
academic_unit:department_accounting_finance,Department of Accounting and Finance,13,2026_extended_summer,Extended Summer 2026,2025-26,0,0,0,0
academic_unit:department_accounting_finance,Department of Accounting and Finance,13,2026_summer_2,Summer II 2026,2025-26,18.0,1,6,1
academic_unit:department_accounting_finance,Department of Accounting and Finance,13,2026_fall,Fall 2026,2026-27,3213.0,42,1071,14
academic_unit:department_accounting_finance,Department of Accounting and Finance,13,2027_spring,Spring 2027,2026-27,0.0,43,0,13
academic_unit:department_biology_chemistry_environmental_science,"Department of Biology, Chemistry, and Environmental Science",36,2020_fall,Fall 2020,2020-21,7902.0,184,3908,54
academic_unit:department_biology_chemistry_environmental_science,"Department of Biology, Chemistry, and Environmental Science",36,2021_spring,Spring 2021,2020-21,7320.0,189,3647,57
academic_unit:department_biology_chemistry_environmental_science,"Department of Biology, Chemistry, and Environmental Science",36,2021_may,Maymester 2021,2020-21,204.0,8,88,6
academic_unit:department_biology_chemistry_environmental_science,"Department of Biology, Chemistry, and Environmental Science",36,2021_summer_1,Summer I 2021,2020-21,146.0,9,75,6
academic_unit:department_biology_chemistry_environmental_science,"Department of Biology, Chemistry, and Environmental Science",36,2021_extended_summer,Extended Summer 2021,2020-21,0,0,0,0
academic_unit:department_biology_chemistry_environmental_science,"Department of Biology, Chemistry, and Environmental Science",36,2021_summer_2,Summer II 2021,2020-21,17.0,3,9,2
academic_unit:department_biology_chemistry_environmental_science,"Department of Biology, Chemistry, and Environmental Science",36,2021_fall,Fall 2021,2021-22,6919.0,184,3477,51
academic_unit:department_biology_chemistry_environmental_science,"Department of Biology, Chemistry, and Environmental Science",36,2022_spring,Spring 2022,2021-22,6697.0,185,3272,51
academic_unit:department_biology_chemistry_environmental_science,"Department of Biology, Chemistry, and Environmental Science",36,2022_may,Maymester 2022,2021-22,200.0,7,86,6
academic_unit:department_biology_chemistry_environmental_science,"Department of Biology, Chemistry, and Environmental Science",36,2022_summer_1,Summer I 2022,2021-22,312.0,13,128,8
academic_unit:department_biology_chemistry_environmental_science,"Department of Biology, Chemistry, and Environmental Science",36,2022_extended_summer,Extended Summer 2022,2021-22,22.0,1,11,1
academic_unit:department_biology_chemistry_environmental_science,"Department of Biology, Chemistry, and Environmental Science",36,2022_summer_2,Summer II 2022,2021-22,38.0,3,14,3
academic_unit:department_biology_chemistry_environmental_science,"Department of Biology, Chemistry, and Environmental Science",36,2022_fall,Fall 2022,2022-23,7209.0,179,3593,49
academic_unit:department_biology_chemistry_environmental_science,"Department of Biology, Chemistry, and Environmental Science",36,2023_spring,Spring 2023,2022-23,6681.0,185,3285,52
academic_unit:department_biology_chemistry_environmental_science,"Department of Biology, Chemistry, and Environmental Science",36,2023_may,Maymester 2023,2022-23,219.0,8,95,6
academic_unit:department_biology_chemistry_environmental_science,"Department of Biology, Chemistry, and Environmental Science",36,2023_summer_1,Summer I 2023,2022-23,400.0,9,142,7
academic_unit:department_biology_chemistry_environmental_science,"Department of Biology, Chemistry, and Environmental Science",36,2023_extended_summer,Extended Summer 2023,2022-23,0,0,0,0
academic_unit:department_biology_chemistry_environmental_science,"Department of Biology, Chemistry, and Environmental Science",36,2023_summer_2,Summer II 2023,2022-23,48.0,2,16,2
academic_unit:department_biology_chemistry_environmental_science,"Department of Biology, Chemistry, and Environmental Science",36,2023_fall,Fall 2023,2023-24,7018.0,182,3543,51
academic_unit:department_biology_chemistry_environmental_science,"Department of Biology, Chemistry, and Environmental Science",36,2024_spring,Spring 2024,2023-24,6605.0,183,3309,49
academic_unit:department_biology_chemistry_environmental_science,"Department of Biology, Chemistry, and Environmental Science",36,2024_may,Maymester 2024,2023-24,295.0,7,115,5
academic_unit:department_biology_chemistry_environmental_science,"Department of Biology, Chemistry, and Environmental Science",36,2024_summer_1,Summer I 2024,2023-24,404.0,10,146,8
academic_unit:department_biology_chemistry_environmental_science,"Department of Biology, Chemistry, and Environmental Science",36,2024_extended_summer,Extended Summer 2024,2023-24,60.0,3,25,3
academic_unit:department_biology_chemistry_environmental_science,"Department of Biology, Chemistry, and Environmental Science",36,2024_summer_2,Summer II 2024,2023-24,137.0,4,47,4
academic_unit:department_biology_chemistry_environmental_science,"Department of Biology, Chemistry, and Environmental Science",36,2024_fall,Fall 2024,2024-25,7196.0,177,3581,51
academic_unit:department_biology_chemistry_environmental_science,"Department of Biology, Chemistry, and Environmental Science",36,2025_spring,Spring 2025,2024-25,7103.0,179,3498,50
academic_unit:department_biology_chemistry_environmental_science,"Department of Biology, Chemistry, and Environmental Science",36,2025_may,Maymester 2025,2024-25,167.0,8,69,5
academic_unit:department_biology_chemistry_environmental_science,"Department of Biology, Chemistry, and Environmental Science",36,2025_summer_1,Summer I 2025,2024-25,616.0,12,216,8
academic_unit:department_biology_chemistry_environmental_science,"Department of Biology, Chemistry, and Environmental Science",36,2025_extended_summer,Extended Summer 2025,2024-25,67.0,4,27,2
academic_unit:department_biology_chemistry_environmental_science,"Department of Biology, Chemistry, and Environmental Science",36,2025_summer_2,Summer II 2025,2024-25,202.0,3,68,3
academic_unit:department_biology_chemistry_environmental_science,"Department of Biology, Chemistry, and Environmental Science",36,2025_fall,Fall 2025,2025-26,8265.0,192,4086,55
academic_unit:department_biology_chemistry_environmental_science,"Department of Biology, Chemistry, and Environmental Science",36,2026_spring,Spring 2026,2025-26,7930.0,205,3921,56
academic_unit:department_biology_chemistry_environmental_science,"Department of Biology, Chemistry, and Environmental Science",36,2026_may,Maymester 2026,2025-26,245.0,8,103,5
academic_unit:department_biology_chemistry_environmental_science,"Department of Biology, Chemistry, and Environmental Science",36,2026_summer_1,Summer I 2026,2025-26,581.0,14,201,8
academic_unit:department_biology_chemistry_environmental_science,"Department of Biology, Chemistry, and Environmental Science",36,2026_extended_summer,Extended Summer 2026,2025-26,22.0,1,11,1
academic_unit:department_biology_chemistry_environmental_science,"Department of Biology, Chemistry, and Environmental Science",36,2026_summer_2,Summer II 2026,2025-26,151.0,5,58,5
academic_unit:department_biology_chemistry_environmental_science,"Department of Biology, Chemistry, and Environmental Science",36,2026_fall,Fall 2026,2026-27,8190.0,185,4138,46
academic_unit:department_biology_chemistry_environmental_science,"Department of Biology, Chemistry, and Environmental Science",36,2027_spring,Spring 2027,2026-27,0.0,160,0,41
academic_unit:department_communication_studies,Department of Communication Studies,13,2020_fall,Fall 2020,2020-21,2889.0,50,969,21
academic_unit:department_communication_studies,Department of Communication Studies,13,2021_spring,Spring 2021,2020-21,3167.0,49,1063,19
academic_unit:department_communication_studies,Department of Communication Studies,13,2021_may,Maymester 2021,2020-21,54.0,2,18,2
academic_unit:department_communication_studies,Department of Communication Studies,13,2021_summer_1,Summer I 2021,2020-21,114.0,4,38,4
academic_unit:department_communication_studies,Department of Communication Studies,13,2021_extended_summer,Extended Summer 2021,2020-21,0,0,0,0
academic_unit:department_communication_studies,Department of Communication Studies,13,2021_summer_2,Summer II 2021,2020-21,0,0,0,0
academic_unit:department_communication_studies,Department of Communication Studies,13,2021_fall,Fall 2021,2021-22,2733.0,45,917,20
academic_unit:department_communication_studies,Department of Communication Studies,13,2022_spring,Spring 2022,2021-22,2901.0,47,971,19
academic_unit:department_communication_studies,Department of Communication Studies,13,2022_may,Maymester 2022,2021-22,39.0,1,13,1
academic_unit:department_communication_studies,Department of Communication Studies,13,2022_summer_1,Summer I 2022,2021-22,36.0,1,12,1
academic_unit:department_communication_studies,Department of Communication Studies,13,2022_extended_summer,Extended Summer 2022,2021-22,108.0,3,36,1
academic_unit:department_communication_studies,Department of Communication Studies,13,2022_summer_2,Summer II 2022,2021-22,0,0,0,0
academic_unit:department_communication_studies,Department of Communication Studies,13,2022_fall,Fall 2022,2022-23,2799.0,47,937,19
academic_unit:department_communication_studies,Department of Communication Studies,13,2023_spring,Spring 2023,2022-23,2821.0,48,943,19
academic_unit:department_communication_studies,Department of Communication Studies,13,2023_may,Maymester 2023,2022-23,21.0,1,7,1
academic_unit:department_communication_studies,Department of Communication Studies,13,2023_summer_1,Summer I 2023,2022-23,69.0,2,23,2
academic_unit:department_communication_studies,Department of Communication Studies,13,2023_extended_summer,Extended Summer 2023,2022-23,34.0,2,16,1
academic_unit:department_communication_studies,Department of Communication Studies,13,2023_summer_2,Summer II 2023,2022-23,0,0,0,0
academic_unit:department_communication_studies,Department of Communication Studies,13,2023_fall,Fall 2023,2023-24,2805.0,46,943,19
academic_unit:department_communication_studies,Department of Communication Studies,13,2024_spring,Spring 2024,2023-24,2862.0,47,962,18
academic_unit:department_communication_studies,Department of Communication Studies,13,2024_may,Maymester 2024,2023-24,12.0,1,4,1
academic_unit:department_communication_studies,Department of Communication Studies,13,2024_summer_1,Summer I 2024,2023-24,93.0,3,31,3
academic_unit:department_communication_studies,Department of Communication Studies,13,2024_extended_summer,Extended Summer 2024,2023-24,35.0,2,17,1
academic_unit:department_communication_studies,Department of Communication Studies,13,2024_summer_2,Summer II 2024,2023-24,0,0,0,0
academic_unit:department_communication_studies,Department of Communication Studies,13,2024_fall,Fall 2024,2024-25,2556.0,45,858,18
academic_unit:department_communication_studies,Department of Communication Studies,13,2025_spring,Spring 2025,2024-25,2756.0,52,936,20
academic_unit:department_communication_studies,Department of Communication Studies,13,2025_may,Maymester 2025,2024-25,106.0,4,36,4
academic_unit:department_communication_studies,Department of Communication Studies,13,2025_summer_1,Summer I 2025,2024-25,83.0,3,39,3
academic_unit:department_communication_studies,Department of Communication Studies,13,2025_extended_summer,Extended Summer 2025,2024-25,30.0,2,16,1
academic_unit:department_communication_studies,Department of Communication Studies,13,2025_summer_2,Summer II 2025,2024-25,0,0,0,0
academic_unit:department_communication_studies,Department of Communication Studies,13,2025_fall,Fall 2025,2025-26,2465.0,47,829,19
academic_unit:department_communication_studies,Department of Communication Studies,13,2026_spring,Spring 2026,2025-26,2964.0,52,992,20
academic_unit:department_communication_studies,Department of Communication Studies,13,2026_may,Maymester 2026,2025-26,54.0,2,18,2
academic_unit:department_communication_studies,Department of Communication Studies,13,2026_summer_1,Summer I 2026,2025-26,108.0,3,36,3
academic_unit:department_communication_studies,Department of Communication Studies,13,2026_extended_summer,Extended Summer 2026,2025-26,90.0,2,30,2
academic_unit:department_communication_studies,Department of Communication Studies,13,2026_summer_2,Summer II 2026,2025-26,0,0,0,0
academic_unit:department_communication_studies,Department of Communication Studies,13,2026_fall,Fall 2026,2026-27,2420.0,49,826,18
academic_unit:department_communication_studies,Department of Communication Studies,13,2027_spring,Spring 2027,2026-27,0.0,45,0,14
academic_unit:department_economics,Department of Economics,9,2020_fall,Fall 2020,2020-21,2851.0,33,951,13
academic_unit:department_economics,Department of Economics,9,2021_spring,Spring 2021,2020-21,2588.0,30,864,12
academic_unit:department_economics,Department of Economics,9,2021_may,Maymester 2021,2020-21,135.0,3,45,2
academic_unit:department_economics,Department of Economics,9,2021_summer_1,Summer I 2021,2020-21,39.0,1,13,1
academic_unit:department_economics,Department of Economics,9,2021_extended_summer,Extended Summer 2021,2020-21,0,0,0,0
academic_unit:department_economics,Department of Economics,9,2021_summer_2,Summer II 2021,2020-21,0,0,0,0
academic_unit:department_economics,Department of Economics,9,2021_fall,Fall 2021,2021-22,2724.0,33,908,13
academic_unit:department_economics,Department of Economics,9,2022_spring,Spring 2022,2021-22,2364.0,29,788,13
academic_unit:department_economics,Department of Economics,9,2022_may,Maymester 2022,2021-22,159.0,3,53,3
academic_unit:department_economics,Department of Economics,9,2022_summer_1,Summer I 2022,2021-22,48.0,1,16,1
academic_unit:department_economics,Department of Economics,9,2022_extended_summer,Extended Summer 2022,2021-22,0,0,0,0
academic_unit:department_economics,Department of Economics,9,2022_summer_2,Summer II 2022,2021-22,0,0,0,0
academic_unit:department_economics,Department of Economics,9,2022_fall,Fall 2022,2022-23,2760.0,30,920,11
academic_unit:department_economics,Department of Economics,9,2023_spring,Spring 2023,2022-23,2559.0,26,853,12
academic_unit:department_economics,Department of Economics,9,2023_may,Maymester 2023,2022-23,174.0,3,58,3
academic_unit:department_economics,Department of Economics,9,2023_summer_1,Summer I 2023,2022-23,60.0,1,20,1
academic_unit:department_economics,Department of Economics,9,2023_extended_summer,Extended Summer 2023,2022-23,0,0,0,0
academic_unit:department_economics,Department of Economics,9,2023_summer_2,Summer II 2023,2022-23,0,0,0,0
academic_unit:department_economics,Department of Economics,9,2023_fall,Fall 2023,2023-24,2698.0,30,900,12
academic_unit:department_economics,Department of Economics,9,2024_spring,Spring 2024,2023-24,2464.0,32,822,11
academic_unit:department_economics,Department of Economics,9,2024_may,Maymester 2024,2023-24,129.0,2,43,2
academic_unit:department_economics,Department of Economics,9,2024_summer_1,Summer I 2024,2023-24,48.0,1,16,1
academic_unit:department_economics,Department of Economics,9,2024_extended_summer,Extended Summer 2024,2023-24,0,0,0,0
academic_unit:department_economics,Department of Economics,9,2024_summer_2,Summer II 2024,2023-24,0,0,0,0
academic_unit:department_economics,Department of Economics,9,2024_fall,Fall 2024,2024-25,2310.0,27,770,12
academic_unit:department_economics,Department of Economics,9,2025_spring,Spring 2025,2024-25,2286.0,29,762,13
academic_unit:department_economics,Department of Economics,9,2025_may,Maymester 2025,2024-25,210.0,3,70,3
academic_unit:department_economics,Department of Economics,9,2025_summer_1,Summer I 2025,2024-25,153.0,2,51,2
academic_unit:department_economics,Department of Economics,9,2025_extended_summer,Extended Summer 2025,2024-25,0,0,0,0
academic_unit:department_economics,Department of Economics,9,2025_summer_2,Summer II 2025,2024-25,0,0,0,0
academic_unit:department_economics,Department of Economics,9,2025_fall,Fall 2025,2025-26,2374.0,28,792,14
academic_unit:department_economics,Department of Economics,9,2026_spring,Spring 2026,2025-26,2058.0,33,686,12
academic_unit:department_economics,Department of Economics,9,2026_may,Maymester 2026,2025-26,174.0,3,58,3
academic_unit:department_economics,Department of Economics,9,2026_summer_1,Summer I 2026,2025-26,63.0,1,21,1
academic_unit:department_economics,Department of Economics,9,2026_extended_summer,Extended Summer 2026,2025-26,51.0,2,17,1
academic_unit:department_economics,Department of Economics,9,2026_summer_2,Summer II 2026,2025-26,0,0,0,0
academic_unit:department_economics,Department of Economics,9,2026_fall,Fall 2026,2026-27,2394.0,33,798,13
academic_unit:department_economics,Department of Economics,9,2027_spring,Spring 2027,2026-27,0.0,29,0,9
academic_unit:department_english,Department of English,21,2020_fall,Fall 2020,2020-21,4794.0,111,2225,34
academic_unit:department_english,Department of English,21,2021_spring,Spring 2021,2020-21,4190.0,103,2091,28
academic_unit:department_english,Department of English,21,2021_may,Maymester 2021,2020-21,210.0,6,70,6
academic_unit:department_english,Department of English,21,2021_summer_1,Summer I 2021,2020-21,43.0,4,15,3
academic_unit:department_english,Department of English,21,2021_extended_summer,Extended Summer 2021,2020-21,0,0,0,0
academic_unit:department_english,Department of English,21,2021_summer_2,Summer II 2021,2020-21,30.0,1,15,1
academic_unit:department_english,Department of English,21,2021_fall,Fall 2021,2021-22,4228.0,103,1968,34
academic_unit:department_english,Department of English,21,2022_spring,Spring 2022,2021-22,3683.0,94,1841,29
academic_unit:department_english,Department of English,21,2022_may,Maymester 2022,2021-22,243.0,6,82,6
academic_unit:department_english,Department of English,21,2022_summer_1,Summer I 2022,2021-22,6.0,1,2,1
academic_unit:department_english,Department of English,21,2022_extended_summer,Extended Summer 2022,2021-22,15.0,1,15,1
academic_unit:department_english,Department of English,21,2022_summer_2,Summer II 2022,2021-22,0,0,0,0
academic_unit:department_english,Department of English,21,2022_fall,Fall 2022,2022-23,3793.0,94,1877,30
academic_unit:department_english,Department of English,21,2023_spring,Spring 2023,2022-23,3530.0,89,1711,26
academic_unit:department_english,Department of English,21,2023_may,Maymester 2023,2022-23,318.0,7,106,7
academic_unit:department_english,Department of English,21,2023_summer_1,Summer I 2023,2022-23,48.0,2,16,2
academic_unit:department_english,Department of English,21,2023_extended_summer,Extended Summer 2023,2022-23,29.0,3,13,2
academic_unit:department_english,Department of English,21,2023_summer_2,Summer II 2023,2022-23,18.0,1,9,1
academic_unit:department_english,Department of English,21,2023_fall,Fall 2023,2023-24,3930.0,99,1892,33
academic_unit:department_english,Department of English,21,2024_spring,Spring 2024,2023-24,4148.0,92,1866,26
academic_unit:department_english,Department of English,21,2024_may,Maymester 2024,2023-24,270.0,7,90,7
academic_unit:department_english,Department of English,21,2024_summer_1,Summer I 2024,2023-24,117.0,3,39,3
academic_unit:department_english,Department of English,21,2024_extended_summer,Extended Summer 2024,2023-24,0,0,0,0
academic_unit:department_english,Department of English,21,2024_summer_2,Summer II 2024,2023-24,14.0,1,7,1
academic_unit:department_english,Department of English,21,2024_fall,Fall 2024,2024-25,4178.0,92,1918,29
academic_unit:department_english,Department of English,21,2025_spring,Spring 2025,2024-25,3823.0,97,1746,27
academic_unit:department_english,Department of English,21,2025_may,Maymester 2025,2024-25,261.0,6,87,6
academic_unit:department_english,Department of English,21,2025_summer_1,Summer I 2025,2024-25,69.0,2,23,2
academic_unit:department_english,Department of English,21,2025_extended_summer,Extended Summer 2025,2024-25,60.0,4,22,2
academic_unit:department_english,Department of English,21,2025_summer_2,Summer II 2025,2024-25,28.0,1,14,1
academic_unit:department_english,Department of English,21,2025_fall,Fall 2025,2025-26,4286.0,97,1982,33
academic_unit:department_english,Department of English,21,2026_spring,Spring 2026,2025-26,3827.0,92,1729,28
academic_unit:department_english,Department of English,21,2026_may,Maymester 2026,2025-26,241.0,7,81,6
academic_unit:department_english,Department of English,21,2026_summer_1,Summer I 2026,2025-26,150.0,4,50,4
academic_unit:department_english,Department of English,21,2026_extended_summer,Extended Summer 2026,2025-26,9.0,2,5,1
academic_unit:department_english,Department of English,21,2026_summer_2,Summer II 2026,2025-26,16.0,1,8,1
academic_unit:department_english,Department of English,21,2026_fall,Fall 2026,2026-27,3926.0,90,1719,27
academic_unit:department_english,Department of English,21,2027_spring,Spring 2027,2026-27,0.0,83,0,22
academic_unit:department_fine_art_art_history,Department of Fine Arts and Art History,7,2020_fall,Fall 2020,2020-21,1777.0,34,593,14
academic_unit:department_fine_art_art_history,Department of Fine Arts and Art History,7,2021_spring,Spring 2021,2020-21,1598.0,32,536,13
academic_unit:department_fine_art_art_history,Department of Fine Arts and Art History,7,2021_may,Maymester 2021,2020-21,75.0,3,25,3
academic_unit:department_fine_art_art_history,Department of Fine Arts and Art History,7,2021_summer_1,Summer I 2021,2020-21,57.0,2,19,2
academic_unit:department_fine_art_art_history,Department of Fine Arts and Art History,7,2021_extended_summer,Extended Summer 2021,2020-21,0,0,0,0
academic_unit:department_fine_art_art_history,Department of Fine Arts and Art History,7,2021_summer_2,Summer II 2021,2020-21,0,0,0,0
academic_unit:department_fine_art_art_history,Department of Fine Arts and Art History,7,2021_fall,Fall 2021,2021-22,1785.0,30,595,13
academic_unit:department_fine_art_art_history,Department of Fine Arts and Art History,7,2022_spring,Spring 2022,2021-22,1406.0,36,472,14
academic_unit:department_fine_art_art_history,Department of Fine Arts and Art History,7,2022_may,Maymester 2022,2021-22,102.0,3,34,3
academic_unit:department_fine_art_art_history,Department of Fine Arts and Art History,7,2022_summer_1,Summer I 2022,2021-22,30.0,2,10,2
academic_unit:department_fine_art_art_history,Department of Fine Arts and Art History,7,2022_extended_summer,Extended Summer 2022,2021-22,0,0,0,0
academic_unit:department_fine_art_art_history,Department of Fine Arts and Art History,7,2022_summer_2,Summer II 2022,2021-22,0,0,0,0
academic_unit:department_fine_art_art_history,Department of Fine Arts and Art History,7,2022_fall,Fall 2022,2022-23,1583.0,34,537,13
academic_unit:department_fine_art_art_history,Department of Fine Arts and Art History,7,2023_spring,Spring 2023,2022-23,1656.0,40,576,15
academic_unit:department_fine_art_art_history,Department of Fine Arts and Art History,7,2023_may,Maymester 2023,2022-23,45.0,2,15,2
academic_unit:department_fine_art_art_history,Department of Fine Arts and Art History,7,2023_summer_1,Summer I 2023,2022-23,0,0,0,0
academic_unit:department_fine_art_art_history,Department of Fine Arts and Art History,7,2023_extended_summer,Extended Summer 2023,2022-23,16.0,1,16,1
academic_unit:department_fine_art_art_history,Department of Fine Arts and Art History,7,2023_summer_2,Summer II 2023,2022-23,3.0,1,1,1
academic_unit:department_fine_art_art_history,Department of Fine Arts and Art History,7,2023_fall,Fall 2023,2023-24,1926.0,37,642,16
academic_unit:department_fine_art_art_history,Department of Fine Arts and Art History,7,2024_spring,Spring 2024,2023-24,1584.0,41,540,13
academic_unit:department_fine_art_art_history,Department of Fine Arts and Art History,7,2024_may,Maymester 2024,2023-24,63.0,3,21,3
academic_unit:department_fine_art_art_history,Department of Fine Arts and Art History,7,2024_summer_1,Summer I 2024,2023-24,12.0,1,4,1
academic_unit:department_fine_art_art_history,Department of Fine Arts and Art History,7,2024_extended_summer,Extended Summer 2024,2023-24,9.0,1,9,1
academic_unit:department_fine_art_art_history,Department of Fine Arts and Art History,7,2024_summer_2,Summer II 2024,2023-24,1.0,1,1,1
academic_unit:department_fine_art_art_history,Department of Fine Arts and Art History,7,2024_fall,Fall 2024,2024-25,1827.0,37,613,13
academic_unit:department_fine_art_art_history,Department of Fine Arts and Art History,7,2025_spring,Spring 2025,2024-25,1535.0,38,525,13
academic_unit:department_fine_art_art_history,Department of Fine Arts and Art History,7,2025_may,Maymester 2025,2024-25,40.0,4,14,3
academic_unit:department_fine_art_art_history,Department of Fine Arts and Art History,7,2025_summer_1,Summer I 2025,2024-25,0,0,0,0
academic_unit:department_fine_art_art_history,Department of Fine Arts and Art History,7,2025_extended_summer,Extended Summer 2025,2024-25,0,0,0,0
academic_unit:department_fine_art_art_history,Department of Fine Arts and Art History,7,2025_summer_2,Summer II 2025,2024-25,1.0,1,1,1
academic_unit:department_fine_art_art_history,Department of Fine Arts and Art History,7,2025_fall,Fall 2025,2025-26,1783.0,33,597,16
academic_unit:department_fine_art_art_history,Department of Fine Arts and Art History,7,2026_spring,Spring 2026,2025-26,1620.0,38,546,16
academic_unit:department_fine_art_art_history,Department of Fine Arts and Art History,7,2026_may,Maymester 2026,2025-26,15.0,1,5,1
academic_unit:department_fine_art_art_history,Department of Fine Arts and Art History,7,2026_summer_1,Summer I 2026,2025-26,4.0,2,2,2
academic_unit:department_fine_art_art_history,Department of Fine Arts and Art History,7,2026_extended_summer,Extended Summer 2026,2025-26,12.0,1,4,1
academic_unit:department_fine_art_art_history,Department of Fine Arts and Art History,7,2026_summer_2,Summer II 2026,2025-26,0,0,0,0
academic_unit:department_fine_art_art_history,Department of Fine Arts and Art History,7,2026_fall,Fall 2026,2026-27,1708.0,28,570,12
academic_unit:department_fine_art_art_history,Department of Fine Arts and Art History,7,2027_spring,Spring 2027,2026-27,0.0,30,0,10
academic_unit:department_history,Department of History,16,2020_fall,Fall 2020,2020-21,3219.0,53,1073,20
academic_unit:department_history,Department of History,16,2021_spring,Spring 2021,2020-21,2945.0,57,977,22
academic_unit:department_history,Department of History,16,2021_may,Maymester 2021,2020-21,15.0,1,5,1
academic_unit:department_history,Department of History,16,2021_summer_1,Summer I 2021,2020-21,49.0,4,17,4
academic_unit:department_history,Department of History,16,2021_extended_summer,Extended Summer 2021,2020-21,0,0,0,0
academic_unit:department_history,Department of History,16,2021_summer_2,Summer II 2021,2020-21,0,0,0,0
academic_unit:department_history,Department of History,16,2021_fall,Fall 2021,2021-22,2966.0,58,992,22
academic_unit:department_history,Department of History,16,2022_spring,Spring 2022,2021-22,2846.0,59,943,22
academic_unit:department_history,Department of History,16,2022_may,Maymester 2022,2021-22,45.0,1,15,1
academic_unit:department_history,Department of History,16,2022_summer_1,Summer I 2022,2021-22,30.0,1,10,1
academic_unit:department_history,Department of History,16,2022_extended_summer,Extended Summer 2022,2021-22,69.0,2,23,2
academic_unit:department_history,Department of History,16,2022_summer_2,Summer II 2022,2021-22,2.0,2,2,2
academic_unit:department_history,Department of History,16,2022_fall,Fall 2022,2022-23,2796.0,56,934,22
academic_unit:department_history,Department of History,16,2023_spring,Spring 2023,2022-23,2655.0,63,884,23
academic_unit:department_history,Department of History,16,2023_may,Maymester 2023,2022-23,42.0,1,14,1
academic_unit:department_history,Department of History,16,2023_summer_1,Summer I 2023,2022-23,24.0,1,8,1
academic_unit:department_history,Department of History,16,2023_extended_summer,Extended Summer 2023,2022-23,12.0,1,4,1
academic_unit:department_history,Department of History,16,2023_summer_2,Summer II 2023,2022-23,0,0,0,0
academic_unit:department_history,Department of History,16,2023_fall,Fall 2023,2023-24,2700.0,50,900,20
academic_unit:department_history,Department of History,16,2024_spring,Spring 2024,2023-24,2688.0,53,893,18
academic_unit:department_history,Department of History,16,2024_may,Maymester 2024,2023-24,42.0,1,14,1
academic_unit:department_history,Department of History,16,2024_summer_1,Summer I 2024,2023-24,23.0,3,9,2
academic_unit:department_history,Department of History,16,2024_extended_summer,Extended Summer 2024,2023-24,12.0,1,4,1
academic_unit:department_history,Department of History,16,2024_summer_2,Summer II 2024,2023-24,0,0,0,0
academic_unit:department_history,Department of History,16,2024_fall,Fall 2024,2024-25,2874.0,47,958,17
academic_unit:department_history,Department of History,16,2025_spring,Spring 2025,2024-25,2516.0,50,844,17
academic_unit:department_history,Department of History,16,2025_may,Maymester 2025,2024-25,33.0,1,11,1
academic_unit:department_history,Department of History,16,2025_summer_1,Summer I 2025,2024-25,27.0,1,9,1
academic_unit:department_history,Department of History,16,2025_extended_summer,Extended Summer 2025,2024-25,30.0,1,10,1
academic_unit:department_history,Department of History,16,2025_summer_2,Summer II 2025,2024-25,0,0,0,0
academic_unit:department_history,Department of History,16,2025_fall,Fall 2025,2025-26,2842.0,46,948,16
academic_unit:department_history,Department of History,16,2026_spring,Spring 2026,2025-26,3069.0,57,1019,19
academic_unit:department_history,Department of History,16,2026_may,Maymester 2026,2025-26,33.0,1,11,1
academic_unit:department_history,Department of History,16,2026_summer_1,Summer I 2026,2025-26,10.0,2,4,1
academic_unit:department_history,Department of History,16,2026_extended_summer,Extended Summer 2026,2025-26,0,0,0,0
academic_unit:department_history,Department of History,16,2026_summer_2,Summer II 2026,2025-26,0,0,0,0
academic_unit:department_history,Department of History,16,2026_fall,Fall 2026,2026-27,2463.0,42,821,13
academic_unit:department_history,Department of History,16,2027_spring,Spring 2027,2026-27,0.0,52,0,16
academic_unit:department_leadership_american_studies,Department of Leadership and American Studies,13,2020_fall,Fall 2020,2020-21,4210.0,70,1404,30
academic_unit:department_leadership_american_studies,Department of Leadership and American Studies,13,2021_spring,Spring 2021,2020-21,3750.0,64,1252,23
academic_unit:department_leadership_american_studies,Department of Leadership and American Studies,13,2021_may,Maymester 2021,2020-21,90.0,2,30,2
academic_unit:department_leadership_american_studies,Department of Leadership and American Studies,13,2021_summer_1,Summer I 2021,2020-21,75.0,2,25,2
academic_unit:department_leadership_american_studies,Department of Leadership and American Studies,13,2021_extended_summer,Extended Summer 2021,2020-21,0,0,0,0
academic_unit:department_leadership_american_studies,Department of Leadership and American Studies,13,2021_summer_2,Summer II 2021,2020-21,0,0,0,0
academic_unit:department_leadership_american_studies,Department of Leadership and American Studies,13,2021_fall,Fall 2021,2021-22,3966.0,65,1324,24
academic_unit:department_leadership_american_studies,Department of Leadership and American Studies,13,2022_spring,Spring 2022,2021-22,3445.0,59,1163,22
academic_unit:department_leadership_american_studies,Department of Leadership and American Studies,13,2022_may,Maymester 2022,2021-22,0,0,0,0
academic_unit:department_leadership_american_studies,Department of Leadership and American Studies,13,2022_summer_1,Summer I 2022,2021-22,81.0,2,27,2
academic_unit:department_leadership_american_studies,Department of Leadership and American Studies,13,2022_extended_summer,Extended Summer 2022,2021-22,123.0,3,49,3
academic_unit:department_leadership_american_studies,Department of Leadership and American Studies,13,2022_summer_2,Summer II 2022,2021-22,0,0,0,0
academic_unit:department_leadership_american_studies,Department of Leadership and American Studies,13,2022_fall,Fall 2022,2022-23,4451.0,70,1485,27
academic_unit:department_leadership_american_studies,Department of Leadership and American Studies,13,2023_spring,Spring 2023,2022-23,3619.0,65,1211,22
academic_unit:department_leadership_american_studies,Department of Leadership and American Studies,13,2023_may,Maymester 2023,2022-23,66.0,2,22,2
academic_unit:department_leadership_american_studies,Department of Leadership and American Studies,13,2023_summer_1,Summer I 2023,2022-23,30.0,1,10,1
academic_unit:department_leadership_american_studies,Department of Leadership and American Studies,13,2023_extended_summer,Extended Summer 2023,2022-23,121.0,3,45,3
academic_unit:department_leadership_american_studies,Department of Leadership and American Studies,13,2023_summer_2,Summer II 2023,2022-23,0,0,0,0
academic_unit:department_leadership_american_studies,Department of Leadership and American Studies,13,2023_fall,Fall 2023,2023-24,3980.0,61,1328,23
academic_unit:department_leadership_american_studies,Department of Leadership and American Studies,13,2024_spring,Spring 2024,2023-24,3441.0,57,1149,19
academic_unit:department_leadership_american_studies,Department of Leadership and American Studies,13,2024_may,Maymester 2024,2023-24,51.0,2,17,2
academic_unit:department_leadership_american_studies,Department of Leadership and American Studies,13,2024_summer_1,Summer I 2024,2023-24,0,0,0,0
academic_unit:department_leadership_american_studies,Department of Leadership and American Studies,13,2024_extended_summer,Extended Summer 2024,2023-24,158.0,5,58,4
academic_unit:department_leadership_american_studies,Department of Leadership and American Studies,13,2024_summer_2,Summer II 2024,2023-24,0,0,0,0
academic_unit:department_leadership_american_studies,Department of Leadership and American Studies,13,2024_fall,Fall 2024,2024-25,3888.0,59,1298,25
academic_unit:department_leadership_american_studies,Department of Leadership and American Studies,13,2025_spring,Spring 2025,2024-25,3570.0,52,1192,20
academic_unit:department_leadership_american_studies,Department of Leadership and American Studies,13,2025_may,Maymester 2025,2024-25,69.0,3,23,3
academic_unit:department_leadership_american_studies,Department of Leadership and American Studies,13,2025_summer_1,Summer I 2025,2024-25,62.0,2,32,2
academic_unit:department_leadership_american_studies,Department of Leadership and American Studies,13,2025_extended_summer,Extended Summer 2025,2024-25,123.0,5,47,4
academic_unit:department_leadership_american_studies,Department of Leadership and American Studies,13,2025_summer_2,Summer II 2025,2024-25,40.0,2,14,2
academic_unit:department_leadership_american_studies,Department of Leadership and American Studies,13,2025_fall,Fall 2025,2025-26,3344.0,49,1116,22
academic_unit:department_leadership_american_studies,Department of Leadership and American Studies,13,2026_spring,Spring 2026,2025-26,3486.0,50,1164,23
academic_unit:department_leadership_american_studies,Department of Leadership and American Studies,13,2026_may,Maymester 2026,2025-26,39.0,1,13,1
academic_unit:department_leadership_american_studies,Department of Leadership and American Studies,13,2026_summer_1,Summer I 2026,2025-26,42.0,1,14,1
academic_unit:department_leadership_american_studies,Department of Leadership and American Studies,13,2026_extended_summer,Extended Summer 2026,2025-26,88.0,5,34,3
academic_unit:department_leadership_american_studies,Department of Leadership and American Studies,13,2026_summer_2,Summer II 2026,2025-26,138.0,4,46,4
academic_unit:department_leadership_american_studies,Department of Leadership and American Studies,13,2026_fall,Fall 2026,2026-27,3270.0,50,1090,17
academic_unit:department_leadership_american_studies,Department of Leadership and American Studies,13,2027_spring,Spring 2027,2026-27,0.0,44,0,16
academic_unit:department_management_marketing,Department of Management and Marketing,9,2020_fall,Fall 2020,2020-21,1498.0,22,500,8
academic_unit:department_management_marketing,Department of Management and Marketing,9,2021_spring,Spring 2021,2020-21,1878.0,29,630,11
academic_unit:department_management_marketing,Department of Management and Marketing,9,2021_may,Maymester 2021,2020-21,33.0,1,11,1
academic_unit:department_management_marketing,Department of Management and Marketing,9,2021_summer_1,Summer I 2021,2020-21,45.0,1,15,1
academic_unit:department_management_marketing,Department of Management and Marketing,9,2021_extended_summer,Extended Summer 2021,2020-21,0,0,0,0
academic_unit:department_management_marketing,Department of Management and Marketing,9,2021_summer_2,Summer II 2021,2020-21,0,0,0,0
academic_unit:department_management_marketing,Department of Management and Marketing,9,2021_fall,Fall 2021,2021-22,1682.0,25,562,9
academic_unit:department_management_marketing,Department of Management and Marketing,9,2022_spring,Spring 2022,2021-22,1620.0,32,552,13
academic_unit:department_management_marketing,Department of Management and Marketing,9,2022_may,Maymester 2022,2021-22,27.0,1,9,1
academic_unit:department_management_marketing,Department of Management and Marketing,9,2022_summer_1,Summer I 2022,2021-22,33.0,1,11,1
academic_unit:department_management_marketing,Department of Management and Marketing,9,2022_extended_summer,Extended Summer 2022,2021-22,0,0,0,0
academic_unit:department_management_marketing,Department of Management and Marketing,9,2022_summer_2,Summer II 2022,2021-22,0,0,0,0
academic_unit:department_management_marketing,Department of Management and Marketing,9,2022_fall,Fall 2022,2022-23,1129.0,19,377,9
academic_unit:department_management_marketing,Department of Management and Marketing,9,2023_spring,Spring 2023,2022-23,1485.0,30,507,10
academic_unit:department_management_marketing,Department of Management and Marketing,9,2023_may,Maymester 2023,2022-23,0,0,0,0
academic_unit:department_management_marketing,Department of Management and Marketing,9,2023_summer_1,Summer I 2023,2022-23,0,0,0,0
academic_unit:department_management_marketing,Department of Management and Marketing,9,2023_extended_summer,Extended Summer 2023,2022-23,0,0,0,0
academic_unit:department_management_marketing,Department of Management and Marketing,9,2023_summer_2,Summer II 2023,2022-23,0,0,0,0
academic_unit:department_management_marketing,Department of Management and Marketing,9,2023_fall,Fall 2023,2023-24,1055.0,24,353,9
academic_unit:department_management_marketing,Department of Management and Marketing,9,2024_spring,Spring 2024,2023-24,1453.0,31,503,11
academic_unit:department_management_marketing,Department of Management and Marketing,9,2024_may,Maymester 2024,2023-24,51.0,1,17,1
academic_unit:department_management_marketing,Department of Management and Marketing,9,2024_summer_1,Summer I 2024,2023-24,3.0,1,1,1
academic_unit:department_management_marketing,Department of Management and Marketing,9,2024_extended_summer,Extended Summer 2024,2023-24,48.0,2,16,2
academic_unit:department_management_marketing,Department of Management and Marketing,9,2024_summer_2,Summer II 2024,2023-24,3.0,1,1,1
academic_unit:department_management_marketing,Department of Management and Marketing,9,2024_fall,Fall 2024,2024-25,1910.0,27,638,9
academic_unit:department_management_marketing,Department of Management and Marketing,9,2025_spring,Spring 2025,2024-25,2032.0,32,698,11
academic_unit:department_management_marketing,Department of Management and Marketing,9,2025_may,Maymester 2025,2024-25,84.0,1,28,1
academic_unit:department_management_marketing,Department of Management and Marketing,9,2025_summer_1,Summer I 2025,2024-25,51.0,1,17,1
academic_unit:department_management_marketing,Department of Management and Marketing,9,2025_extended_summer,Extended Summer 2025,2024-25,0,0,0,0
academic_unit:department_management_marketing,Department of Management and Marketing,9,2025_summer_2,Summer II 2025,2024-25,0,0,0,0
academic_unit:department_management_marketing,Department of Management and Marketing,9,2025_fall,Fall 2025,2025-26,1944.0,28,650,8
academic_unit:department_management_marketing,Department of Management and Marketing,9,2026_spring,Spring 2026,2025-26,1938.0,30,672,9
academic_unit:department_management_marketing,Department of Management and Marketing,9,2026_may,Maymester 2026,2025-26,69.0,1,23,1
academic_unit:department_management_marketing,Department of Management and Marketing,9,2026_summer_1,Summer I 2026,2025-26,51.0,1,17,1
academic_unit:department_management_marketing,Department of Management and Marketing,9,2026_extended_summer,Extended Summer 2026,2025-26,0,0,0,0
academic_unit:department_management_marketing,Department of Management and Marketing,9,2026_summer_2,Summer II 2026,2025-26,0,0,0,0
academic_unit:department_management_marketing,Department of Management and Marketing,9,2026_fall,Fall 2026,2026-27,2242.0,24,748,8
academic_unit:department_management_marketing,Department of Management and Marketing,9,2027_spring,Spring 2027,2026-27,0.0,28,0,9
academic_unit:department_mathematics,Department of Mathematics,16,2020_fall,Fall 2020,2020-21,5397.0,67,1748,22
academic_unit:department_mathematics,Department of Mathematics,16,2021_spring,Spring 2021,2020-21,4412.0,74,1438,22
academic_unit:department_mathematics,Department of Mathematics,16,2021_may,Maymester 2021,2020-21,24.0,2,8,2
academic_unit:department_mathematics,Department of Mathematics,16,2021_summer_1,Summer I 2021,2020-21,69.0,3,23,3
academic_unit:department_mathematics,Department of Mathematics,16,2021_extended_summer,Extended Summer 2021,2020-21,0,0,0,0
academic_unit:department_mathematics,Department of Mathematics,16,2021_summer_2,Summer II 2021,2020-21,0,0,0,0
academic_unit:department_mathematics,Department of Mathematics,16,2021_fall,Fall 2021,2021-22,4743.0,65,1568,22
academic_unit:department_mathematics,Department of Mathematics,16,2022_spring,Spring 2022,2021-22,4021.0,71,1319,21
academic_unit:department_mathematics,Department of Mathematics,16,2022_may,Maymester 2022,2021-22,36.0,1,12,1
academic_unit:department_mathematics,Department of Mathematics,16,2022_summer_1,Summer I 2022,2021-22,6.0,1,2,1
academic_unit:department_mathematics,Department of Mathematics,16,2022_extended_summer,Extended Summer 2022,2021-22,18.0,1,6,1
academic_unit:department_mathematics,Department of Mathematics,16,2022_summer_2,Summer II 2022,2021-22,1.0,1,1,1
academic_unit:department_mathematics,Department of Mathematics,16,2022_fall,Fall 2022,2022-23,5293.0,69,1737,20
academic_unit:department_mathematics,Department of Mathematics,16,2023_spring,Spring 2023,2022-23,4195.0,69,1367,20
academic_unit:department_mathematics,Department of Mathematics,16,2023_may,Maymester 2023,2022-23,105.0,2,35,2
academic_unit:department_mathematics,Department of Mathematics,16,2023_summer_1,Summer I 2023,2022-23,12.0,1,4,1
academic_unit:department_mathematics,Department of Mathematics,16,2023_extended_summer,Extended Summer 2023,2022-23,0,0,0,0
academic_unit:department_mathematics,Department of Mathematics,16,2023_summer_2,Summer II 2023,2022-23,0,0,0,0
academic_unit:department_mathematics,Department of Mathematics,16,2023_fall,Fall 2023,2023-24,5295.0,62,1728,20
academic_unit:department_mathematics,Department of Mathematics,16,2024_spring,Spring 2024,2023-24,4241.0,64,1379,19
academic_unit:department_mathematics,Department of Mathematics,16,2024_may,Maymester 2024,2023-24,42.0,2,14,2
academic_unit:department_mathematics,Department of Mathematics,16,2024_summer_1,Summer I 2024,2023-24,168.0,2,56,1
academic_unit:department_mathematics,Department of Mathematics,16,2024_extended_summer,Extended Summer 2024,2023-24,21.0,1,7,1
academic_unit:department_mathematics,Department of Mathematics,16,2024_summer_2,Summer II 2024,2023-24,0,0,0,0
academic_unit:department_mathematics,Department of Mathematics,16,2024_fall,Fall 2024,2024-25,4587.0,59,1504,18
academic_unit:department_mathematics,Department of Mathematics,16,2025_spring,Spring 2025,2024-25,4100.0,59,1329,19
academic_unit:department_mathematics,Department of Mathematics,16,2025_may,Maymester 2025,2024-25,63.0,2,21,2
academic_unit:department_mathematics,Department of Mathematics,16,2025_summer_1,Summer I 2025,2024-25,258.0,3,86,2
academic_unit:department_mathematics,Department of Mathematics,16,2025_extended_summer,Extended Summer 2025,2024-25,33.0,1,11,1
academic_unit:department_mathematics,Department of Mathematics,16,2025_summer_2,Summer II 2025,2024-25,0,0,0,0
academic_unit:department_mathematics,Department of Mathematics,16,2025_fall,Fall 2025,2025-26,4354.0,58,1446,19
academic_unit:department_mathematics,Department of Mathematics,16,2026_spring,Spring 2026,2025-26,3749.0,57,1252,17
academic_unit:department_mathematics,Department of Mathematics,16,2026_may,Maymester 2026,2025-26,186.0,3,62,2
academic_unit:department_mathematics,Department of Mathematics,16,2026_summer_1,Summer I 2026,2025-26,225.0,3,75,2
academic_unit:department_mathematics,Department of Mathematics,16,2026_extended_summer,Extended Summer 2026,2025-26,0,0,0,0
academic_unit:department_mathematics,Department of Mathematics,16,2026_summer_2,Summer II 2026,2025-26,0,0,0,0
academic_unit:department_mathematics,Department of Mathematics,16,2026_fall,Fall 2026,2026-27,4423.0,54,1483,15
academic_unit:department_mathematics,Department of Mathematics,16,2027_spring,Spring 2027,2026-27,0.0,48,0,16
academic_unit:department_military_science,Military Science,4,2020_fall,Fall 2020,2020-21,248.0,11,143,5
academic_unit:department_military_science,Military Science,4,2021_spring,Spring 2021,2020-21,241.0,10,136,5
academic_unit:department_military_science,Military Science,4,2021_may,Maymester 2021,2020-21,0,0,0,0
academic_unit:department_military_science,Military Science,4,2021_summer_1,Summer I 2021,2020-21,0,0,0,0
academic_unit:department_military_science,Military Science,4,2021_extended_summer,Extended Summer 2021,2020-21,0,0,0,0
academic_unit:department_military_science,Military Science,4,2021_summer_2,Summer II 2021,2020-21,0,0,0,0
academic_unit:department_military_science,Military Science,4,2021_fall,Fall 2021,2021-22,221.0,8,128,4
academic_unit:department_military_science,Military Science,4,2022_spring,Spring 2022,2021-22,219.0,9,128,3
academic_unit:department_military_science,Military Science,4,2022_may,Maymester 2022,2021-22,0,0,0,0
academic_unit:department_military_science,Military Science,4,2022_summer_1,Summer I 2022,2021-22,0,0,0,0
academic_unit:department_military_science,Military Science,4,2022_extended_summer,Extended Summer 2022,2021-22,0,0,0,0
academic_unit:department_military_science,Military Science,4,2022_summer_2,Summer II 2022,2021-22,0,0,0,0
academic_unit:department_military_science,Military Science,4,2022_fall,Fall 2022,2022-23,246.0,9,142,4
academic_unit:department_military_science,Military Science,4,2023_spring,Spring 2023,2022-23,253.0,11,146,4
academic_unit:department_military_science,Military Science,4,2023_may,Maymester 2023,2022-23,0,0,0,0
academic_unit:department_military_science,Military Science,4,2023_summer_1,Summer I 2023,2022-23,0,0,0,0
academic_unit:department_military_science,Military Science,4,2023_extended_summer,Extended Summer 2023,2022-23,0,0,0,0
academic_unit:department_military_science,Military Science,4,2023_summer_2,Summer II 2023,2022-23,0,0,0,0
academic_unit:department_military_science,Military Science,4,2023_fall,Fall 2023,2023-24,245.0,8,139,3
academic_unit:department_military_science,Military Science,4,2024_spring,Spring 2024,2023-24,233.0,13,131,3
academic_unit:department_military_science,Military Science,4,2024_may,Maymester 2024,2023-24,0,0,0,0
academic_unit:department_military_science,Military Science,4,2024_summer_1,Summer I 2024,2023-24,0,0,0,0
academic_unit:department_military_science,Military Science,4,2024_extended_summer,Extended Summer 2024,2023-24,0,0,0,0
academic_unit:department_military_science,Military Science,4,2024_summer_2,Summer II 2024,2023-24,0,0,0,0
academic_unit:department_military_science,Military Science,4,2024_fall,Fall 2024,2024-25,279.0,12,159,5
academic_unit:department_military_science,Military Science,4,2025_spring,Spring 2025,2024-25,241.0,12,138,4
academic_unit:department_military_science,Military Science,4,2025_may,Maymester 2025,2024-25,0,0,0,0
academic_unit:department_military_science,Military Science,4,2025_summer_1,Summer I 2025,2024-25,0,0,0,0
academic_unit:department_military_science,Military Science,4,2025_extended_summer,Extended Summer 2025,2024-25,0,0,0,0
academic_unit:department_military_science,Military Science,4,2025_summer_2,Summer II 2025,2024-25,0,0,0,0
academic_unit:department_military_science,Military Science,4,2025_fall,Fall 2025,2025-26,248.0,16,143,5
academic_unit:department_military_science,Military Science,4,2026_spring,Spring 2026,2025-26,198.0,13,114,5
academic_unit:department_military_science,Military Science,4,2026_may,Maymester 2026,2025-26,0,0,0,0
academic_unit:department_military_science,Military Science,4,2026_summer_1,Summer I 2026,2025-26,0,0,0,0
academic_unit:department_military_science,Military Science,4,2026_extended_summer,Extended Summer 2026,2025-26,0,0,0,0
academic_unit:department_military_science,Military Science,4,2026_summer_2,Summer II 2026,2025-26,0,0,0,0
academic_unit:department_military_science,Military Science,4,2026_fall,Fall 2026,2026-27,208.0,12,112,4
academic_unit:department_military_science,Military Science,4,2027_spring,Spring 2027,2026-27,0.0,8,0,4
academic_unit:department_modern_classical_languages_literatures,Department of Modern and Classical Languages and Literatures,16,2020_fall,Fall 2020,2020-21,4266.0,95,1440,35
academic_unit:department_modern_classical_languages_literatures,Department of Modern and Classical Languages and Literatures,16,2021_spring,Spring 2021,2020-21,3856.0,87,1302,31
academic_unit:department_modern_classical_languages_literatures,Department of Modern and Classical Languages and Literatures,16,2021_may,Maymester 2021,2020-21,183.0,4,61,4
academic_unit:department_modern_classical_languages_literatures,Department of Modern and Classical Languages and Literatures,16,2021_summer_1,Summer I 2021,2020-21,45.0,1,15,1
academic_unit:department_modern_classical_languages_literatures,Department of Modern and Classical Languages and Literatures,16,2021_extended_summer,Extended Summer 2021,2020-21,0,0,0,0
academic_unit:department_modern_classical_languages_literatures,Department of Modern and Classical Languages and Literatures,16,2021_summer_2,Summer II 2021,2020-21,0,0,0,0
academic_unit:department_modern_classical_languages_literatures,Department of Modern and Classical Languages and Literatures,16,2021_fall,Fall 2021,2021-22,3941.0,91,1329,33
academic_unit:department_modern_classical_languages_literatures,Department of Modern and Classical Languages and Literatures,16,2022_spring,Spring 2022,2021-22,3509.0,86,1179,29
academic_unit:department_modern_classical_languages_literatures,Department of Modern and Classical Languages and Literatures,16,2022_may,Maymester 2022,2021-22,168.0,3,56,3
academic_unit:department_modern_classical_languages_literatures,Department of Modern and Classical Languages and Literatures,16,2022_summer_1,Summer I 2022,2021-22,18.0,1,6,1
academic_unit:department_modern_classical_languages_literatures,Department of Modern and Classical Languages and Literatures,16,2022_extended_summer,Extended Summer 2022,2021-22,18.0,1,6,1
academic_unit:department_modern_classical_languages_literatures,Department of Modern and Classical Languages and Literatures,16,2022_summer_2,Summer II 2022,2021-22,0,0,0,0
academic_unit:department_modern_classical_languages_literatures,Department of Modern and Classical Languages and Literatures,16,2022_fall,Fall 2022,2022-23,3902.0,86,1302,30
academic_unit:department_modern_classical_languages_literatures,Department of Modern and Classical Languages and Literatures,16,2023_spring,Spring 2023,2022-23,3300.0,78,1100,27
academic_unit:department_modern_classical_languages_literatures,Department of Modern and Classical Languages and Literatures,16,2023_may,Maymester 2023,2022-23,213.0,4,71,4
academic_unit:department_modern_classical_languages_literatures,Department of Modern and Classical Languages and Literatures,16,2023_summer_1,Summer I 2023,2022-23,0,0,0,0
academic_unit:department_modern_classical_languages_literatures,Department of Modern and Classical Languages and Literatures,16,2023_extended_summer,Extended Summer 2023,2022-23,60.0,3,20,2
academic_unit:department_modern_classical_languages_literatures,Department of Modern and Classical Languages and Literatures,16,2023_summer_2,Summer II 2023,2022-23,0,0,0,0
academic_unit:department_modern_classical_languages_literatures,Department of Modern and Classical Languages and Literatures,16,2023_fall,Fall 2023,2023-24,3956.0,84,1320,30
academic_unit:department_modern_classical_languages_literatures,Department of Modern and Classical Languages and Literatures,16,2024_spring,Spring 2024,2023-24,3510.0,75,1169,28
academic_unit:department_modern_classical_languages_literatures,Department of Modern and Classical Languages and Literatures,16,2024_may,Maymester 2024,2023-24,147.0,3,49,3
academic_unit:department_modern_classical_languages_literatures,Department of Modern and Classical Languages and Literatures,16,2024_summer_1,Summer I 2024,2023-24,0,0,0,0
academic_unit:department_modern_classical_languages_literatures,Department of Modern and Classical Languages and Literatures,16,2024_extended_summer,Extended Summer 2024,2023-24,36.0,1,12,1
academic_unit:department_modern_classical_languages_literatures,Department of Modern and Classical Languages and Literatures,16,2024_summer_2,Summer II 2024,2023-24,0,0,0,0
academic_unit:department_modern_classical_languages_literatures,Department of Modern and Classical Languages and Literatures,16,2024_fall,Fall 2024,2024-25,4182.0,77,1394,28
academic_unit:department_modern_classical_languages_literatures,Department of Modern and Classical Languages and Literatures,16,2025_spring,Spring 2025,2024-25,3392.0,75,1132,29
academic_unit:department_modern_classical_languages_literatures,Department of Modern and Classical Languages and Literatures,16,2025_may,Maymester 2025,2024-25,237.0,5,79,5
academic_unit:department_modern_classical_languages_literatures,Department of Modern and Classical Languages and Literatures,16,2025_summer_1,Summer I 2025,2024-25,0,0,0,0
academic_unit:department_modern_classical_languages_literatures,Department of Modern and Classical Languages and Literatures,16,2025_extended_summer,Extended Summer 2025,2024-25,33.0,1,11,1
academic_unit:department_modern_classical_languages_literatures,Department of Modern and Classical Languages and Literatures,16,2025_summer_2,Summer II 2025,2024-25,0,0,0,0
academic_unit:department_modern_classical_languages_literatures,Department of Modern and Classical Languages and Literatures,16,2025_fall,Fall 2025,2025-26,4192.0,82,1402,30
academic_unit:department_modern_classical_languages_literatures,Department of Modern and Classical Languages and Literatures,16,2026_spring,Spring 2026,2025-26,3022.0,65,1008,25
academic_unit:department_modern_classical_languages_literatures,Department of Modern and Classical Languages and Literatures,16,2026_may,Maymester 2026,2025-26,177.0,4,59,4
academic_unit:department_modern_classical_languages_literatures,Department of Modern and Classical Languages and Literatures,16,2026_summer_1,Summer I 2026,2025-26,0,0,0,0
academic_unit:department_modern_classical_languages_literatures,Department of Modern and Classical Languages and Literatures,16,2026_extended_summer,Extended Summer 2026,2025-26,57.0,3,19,2
academic_unit:department_modern_classical_languages_literatures,Department of Modern and Classical Languages and Literatures,16,2026_summer_2,Summer II 2026,2025-26,0,0,0,0
academic_unit:department_modern_classical_languages_literatures,Department of Modern and Classical Languages and Literatures,16,2026_fall,Fall 2026,2026-27,3927.0,73,1309,26
academic_unit:department_modern_classical_languages_literatures,Department of Modern and Classical Languages and Literatures,16,2027_spring,Spring 2027,2026-27,0.0,32,0,12
academic_unit:department_music_theatre_dance,"Department of Music, Theatre, and Dance",22,2020_fall,Fall 2020,2020-21,2615.0,168,1501,48
academic_unit:department_music_theatre_dance,"Department of Music, Theatre, and Dance",22,2021_spring,Spring 2021,2020-21,2342.0,167,1467,49
academic_unit:department_music_theatre_dance,"Department of Music, Theatre, and Dance",22,2021_may,Maymester 2021,2020-21,42.0,1,14,1
academic_unit:department_music_theatre_dance,"Department of Music, Theatre, and Dance",22,2021_summer_1,Summer I 2021,2020-21,8.0,2,3,2
academic_unit:department_music_theatre_dance,"Department of Music, Theatre, and Dance",22,2021_extended_summer,Extended Summer 2021,2020-21,0,0,0,0
academic_unit:department_music_theatre_dance,"Department of Music, Theatre, and Dance",22,2021_summer_2,Summer II 2021,2020-21,0,0,0,0
academic_unit:department_music_theatre_dance,"Department of Music, Theatre, and Dance",22,2021_fall,Fall 2021,2021-22,2338.0,167,1413,48
academic_unit:department_music_theatre_dance,"Department of Music, Theatre, and Dance",22,2022_spring,Spring 2022,2021-22,2292.0,170,1517,48
academic_unit:department_music_theatre_dance,"Department of Music, Theatre, and Dance",22,2022_may,Maymester 2022,2021-22,45.0,1,15,1
academic_unit:department_music_theatre_dance,"Department of Music, Theatre, and Dance",22,2022_summer_1,Summer I 2022,2021-22,54.0,2,18,2
academic_unit:department_music_theatre_dance,"Department of Music, Theatre, and Dance",22,2022_extended_summer,Extended Summer 2022,2021-22,15.0,1,5,1
academic_unit:department_music_theatre_dance,"Department of Music, Theatre, and Dance",22,2022_summer_2,Summer II 2022,2021-22,0,0,0,0
academic_unit:department_music_theatre_dance,"Department of Music, Theatre, and Dance",22,2022_fall,Fall 2022,2022-23,2321.0,159,1383,49
academic_unit:department_music_theatre_dance,"Department of Music, Theatre, and Dance",22,2023_spring,Spring 2023,2022-23,2292.0,158,1450,50
academic_unit:department_music_theatre_dance,"Department of Music, Theatre, and Dance",22,2023_may,Maymester 2023,2022-23,0,0,0,0
academic_unit:department_music_theatre_dance,"Department of Music, Theatre, and Dance",22,2023_summer_1,Summer I 2023,2022-23,0,0,0,0
academic_unit:department_music_theatre_dance,"Department of Music, Theatre, and Dance",22,2023_extended_summer,Extended Summer 2023,2022-23,0,0,0,0
academic_unit:department_music_theatre_dance,"Department of Music, Theatre, and Dance",22,2023_summer_2,Summer II 2023,2022-23,0,0,0,0
academic_unit:department_music_theatre_dance,"Department of Music, Theatre, and Dance",22,2023_fall,Fall 2023,2023-24,2324.0,151,1391,45
academic_unit:department_music_theatre_dance,"Department of Music, Theatre, and Dance",22,2024_spring,Spring 2024,2023-24,2001.0,162,1318,42
academic_unit:department_music_theatre_dance,"Department of Music, Theatre, and Dance",22,2024_may,Maymester 2024,2023-24,57.0,1,19,1
academic_unit:department_music_theatre_dance,"Department of Music, Theatre, and Dance",22,2024_summer_1,Summer I 2024,2023-24,0,0,0,0
academic_unit:department_music_theatre_dance,"Department of Music, Theatre, and Dance",22,2024_extended_summer,Extended Summer 2024,2023-24,0,0,0,0
academic_unit:department_music_theatre_dance,"Department of Music, Theatre, and Dance",22,2024_summer_2,Summer II 2024,2023-24,1.0,1,1,1
academic_unit:department_music_theatre_dance,"Department of Music, Theatre, and Dance",22,2024_fall,Fall 2024,2024-25,2215.0,152,1336,40
academic_unit:department_music_theatre_dance,"Department of Music, Theatre, and Dance",22,2025_spring,Spring 2025,2024-25,1985.0,144,1241,39
academic_unit:department_music_theatre_dance,"Department of Music, Theatre, and Dance",22,2025_may,Maymester 2025,2024-25,138.0,2,46,2
academic_unit:department_music_theatre_dance,"Department of Music, Theatre, and Dance",22,2025_summer_1,Summer I 2025,2024-25,0,0,0,0
academic_unit:department_music_theatre_dance,"Department of Music, Theatre, and Dance",22,2025_extended_summer,Extended Summer 2025,2024-25,0,0,0,0
academic_unit:department_music_theatre_dance,"Department of Music, Theatre, and Dance",22,2025_summer_2,Summer II 2025,2024-25,0,0,0,0
academic_unit:department_music_theatre_dance,"Department of Music, Theatre, and Dance",22,2025_fall,Fall 2025,2025-26,2301.0,139,1324,46
academic_unit:department_music_theatre_dance,"Department of Music, Theatre, and Dance",22,2026_spring,Spring 2026,2025-26,2020.0,135,1276,43
academic_unit:department_music_theatre_dance,"Department of Music, Theatre, and Dance",22,2026_may,Maymester 2026,2025-26,128.0,3,44,3
academic_unit:department_music_theatre_dance,"Department of Music, Theatre, and Dance",22,2026_summer_1,Summer I 2026,2025-26,0,0,0,0
academic_unit:department_music_theatre_dance,"Department of Music, Theatre, and Dance",22,2026_extended_summer,Extended Summer 2026,2025-26,0,0,0,0
academic_unit:department_music_theatre_dance,"Department of Music, Theatre, and Dance",22,2026_summer_2,Summer II 2026,2025-26,0,0,0,0
academic_unit:department_music_theatre_dance,"Department of Music, Theatre, and Dance",22,2026_fall,Fall 2026,2026-27,2347.0,129,1298,41
academic_unit:department_music_theatre_dance,"Department of Music, Theatre, and Dance",22,2027_spring,Spring 2027,2026-27,0.0,56,0,24
academic_unit:department_philosophy_religion,Department of Philosophy and Religion,13,2020_fall,Fall 2020,2020-21,3172.0,55,1058,21
academic_unit:department_philosophy_religion,Department of Philosophy and Religion,13,2021_spring,Spring 2021,2020-21,2975.0,57,993,22
academic_unit:department_philosophy_religion,Department of Philosophy and Religion,13,2021_may,Maymester 2021,2020-21,207.0,5,69,4
academic_unit:department_philosophy_religion,Department of Philosophy and Religion,13,2021_summer_1,Summer I 2021,2020-21,78.0,2,26,2
academic_unit:department_philosophy_religion,Department of Philosophy and Religion,13,2021_extended_summer,Extended Summer 2021,2020-21,39.0,1,13,1
academic_unit:department_philosophy_religion,Department of Philosophy and Religion,13,2021_summer_2,Summer II 2021,2020-21,0,0,0,0
academic_unit:department_philosophy_religion,Department of Philosophy and Religion,13,2021_fall,Fall 2021,2021-22,2788.0,50,932,19
academic_unit:department_philosophy_religion,Department of Philosophy and Religion,13,2022_spring,Spring 2022,2021-22,2370.0,47,790,21
academic_unit:department_philosophy_religion,Department of Philosophy and Religion,13,2022_may,Maymester 2022,2021-22,204.0,4,68,4
academic_unit:department_philosophy_religion,Department of Philosophy and Religion,13,2022_summer_1,Summer I 2022,2021-22,81.0,2,27,2
academic_unit:department_philosophy_religion,Department of Philosophy and Religion,13,2022_extended_summer,Extended Summer 2022,2021-22,102.0,4,34,3
academic_unit:department_philosophy_religion,Department of Philosophy and Religion,13,2022_summer_2,Summer II 2022,2021-22,0,0,0,0
academic_unit:department_philosophy_religion,Department of Philosophy and Religion,13,2022_fall,Fall 2022,2022-23,2834.0,53,946,20
academic_unit:department_philosophy_religion,Department of Philosophy and Religion,13,2023_spring,Spring 2023,2022-23,2679.0,53,895,20
academic_unit:department_philosophy_religion,Department of Philosophy and Religion,13,2023_may,Maymester 2023,2022-23,204.0,4,68,3
academic_unit:department_philosophy_religion,Department of Philosophy and Religion,13,2023_summer_1,Summer I 2023,2022-23,102.0,2,34,2
academic_unit:department_philosophy_religion,Department of Philosophy and Religion,13,2023_extended_summer,Extended Summer 2023,2022-23,54.0,4,18,2
academic_unit:department_philosophy_religion,Department of Philosophy and Religion,13,2023_summer_2,Summer II 2023,2022-23,0,0,0,0
academic_unit:department_philosophy_religion,Department of Philosophy and Religion,13,2023_fall,Fall 2023,2023-24,3162.0,51,1056,21
academic_unit:department_philosophy_religion,Department of Philosophy and Religion,13,2024_spring,Spring 2024,2023-24,2873.0,50,961,18
academic_unit:department_philosophy_religion,Department of Philosophy and Religion,13,2024_may,Maymester 2024,2023-24,153.0,3,51,3
academic_unit:department_philosophy_religion,Department of Philosophy and Religion,13,2024_summer_1,Summer I 2024,2023-24,54.0,1,18,1
academic_unit:department_philosophy_religion,Department of Philosophy and Religion,13,2024_extended_summer,Extended Summer 2024,2023-24,72.0,3,24,2
academic_unit:department_philosophy_religion,Department of Philosophy and Religion,13,2024_summer_2,Summer II 2024,2023-24,0,0,0,0
academic_unit:department_philosophy_religion,Department of Philosophy and Religion,13,2024_fall,Fall 2024,2024-25,3027.0,45,1011,19
academic_unit:department_philosophy_religion,Department of Philosophy and Religion,13,2025_spring,Spring 2025,2024-25,2861.0,51,957,19
academic_unit:department_philosophy_religion,Department of Philosophy and Religion,13,2025_may,Maymester 2025,2024-25,153.0,3,51,3
academic_unit:department_philosophy_religion,Department of Philosophy and Religion,13,2025_summer_1,Summer I 2025,2024-25,52.0,2,18,2
academic_unit:department_philosophy_religion,Department of Philosophy and Religion,13,2025_extended_summer,Extended Summer 2025,2024-25,81.0,4,27,3
academic_unit:department_philosophy_religion,Department of Philosophy and Religion,13,2025_summer_2,Summer II 2025,2024-25,0,0,0,0
academic_unit:department_philosophy_religion,Department of Philosophy and Religion,13,2025_fall,Fall 2025,2025-26,3260.0,46,1088,18
academic_unit:department_philosophy_religion,Department of Philosophy and Religion,13,2026_spring,Spring 2026,2025-26,2736.0,44,912,18
academic_unit:department_philosophy_religion,Department of Philosophy and Religion,13,2026_may,Maymester 2026,2025-26,165.0,4,55,4
academic_unit:department_philosophy_religion,Department of Philosophy and Religion,13,2026_summer_1,Summer I 2026,2025-26,54.0,1,18,1
academic_unit:department_philosophy_religion,Department of Philosophy and Religion,13,2026_extended_summer,Extended Summer 2026,2025-26,81.0,4,27,2
academic_unit:department_philosophy_religion,Department of Philosophy and Religion,13,2026_summer_2,Summer II 2026,2025-26,0,0,0,0
academic_unit:department_philosophy_religion,Department of Philosophy and Religion,13,2026_fall,Fall 2026,2026-27,3112.0,49,1038,15
academic_unit:department_philosophy_religion,Department of Philosophy and Religion,13,2027_spring,Spring 2027,2026-27,0.0,24,0,10
academic_unit:department_political_science,Department of Political Science,11,2020_fall,Fall 2020,2020-21,2549.0,45,855,19
academic_unit:department_political_science,Department of Political Science,11,2021_spring,Spring 2021,2020-21,2504.0,39,840,19
academic_unit:department_political_science,Department of Political Science,11,2021_may,Maymester 2021,2020-21,30.0,2,10,2
academic_unit:department_political_science,Department of Political Science,11,2021_summer_1,Summer I 2021,2020-21,0,0,0,0
academic_unit:department_political_science,Department of Political Science,11,2021_extended_summer,Extended Summer 2021,2020-21,0,0,0,0
academic_unit:department_political_science,Department of Political Science,11,2021_summer_2,Summer II 2021,2020-21,0,0,0,0
academic_unit:department_political_science,Department of Political Science,11,2021_fall,Fall 2021,2021-22,2400.0,42,800,21
academic_unit:department_political_science,Department of Political Science,11,2022_spring,Spring 2022,2021-22,2163.0,36,721,17
academic_unit:department_political_science,Department of Political Science,11,2022_may,Maymester 2022,2021-22,30.0,1,10,1
academic_unit:department_political_science,Department of Political Science,11,2022_summer_1,Summer I 2022,2021-22,0,0,0,0
academic_unit:department_political_science,Department of Political Science,11,2022_extended_summer,Extended Summer 2022,2021-22,0,0,0,0
academic_unit:department_political_science,Department of Political Science,11,2022_summer_2,Summer II 2022,2021-22,0,0,0,0
academic_unit:department_political_science,Department of Political Science,11,2022_fall,Fall 2022,2022-23,2151.0,37,717,16
academic_unit:department_political_science,Department of Political Science,11,2023_spring,Spring 2023,2022-23,2022.0,37,674,18
academic_unit:department_political_science,Department of Political Science,11,2023_may,Maymester 2023,2022-23,27.0,1,9,1
academic_unit:department_political_science,Department of Political Science,11,2023_summer_1,Summer I 2023,2022-23,0,0,0,0
academic_unit:department_political_science,Department of Political Science,11,2023_extended_summer,Extended Summer 2023,2022-23,42.0,1,14,1
academic_unit:department_political_science,Department of Political Science,11,2023_summer_2,Summer II 2023,2022-23,0,0,0,0
academic_unit:department_political_science,Department of Political Science,11,2023_fall,Fall 2023,2023-24,1971.0,35,657,16
academic_unit:department_political_science,Department of Political Science,11,2024_spring,Spring 2024,2023-24,1999.0,35,667,15
academic_unit:department_political_science,Department of Political Science,11,2024_may,Maymester 2024,2023-24,51.0,1,17,1
academic_unit:department_political_science,Department of Political Science,11,2024_summer_1,Summer I 2024,2023-24,0,0,0,0
academic_unit:department_political_science,Department of Political Science,11,2024_extended_summer,Extended Summer 2024,2023-24,0,0,0,0
academic_unit:department_political_science,Department of Political Science,11,2024_summer_2,Summer II 2024,2023-24,0,0,0,0
academic_unit:department_political_science,Department of Political Science,11,2024_fall,Fall 2024,2024-25,2049.0,34,683,16
academic_unit:department_political_science,Department of Political Science,11,2025_spring,Spring 2025,2024-25,2020.0,35,674,15
academic_unit:department_political_science,Department of Political Science,11,2025_may,Maymester 2025,2024-25,45.0,1,15,1
academic_unit:department_political_science,Department of Political Science,11,2025_summer_1,Summer I 2025,2024-25,0,0,0,0
academic_unit:department_political_science,Department of Political Science,11,2025_extended_summer,Extended Summer 2025,2024-25,33.0,1,11,1
academic_unit:department_political_science,Department of Political Science,11,2025_summer_2,Summer II 2025,2024-25,6.0,1,2,1
academic_unit:department_political_science,Department of Political Science,11,2025_fall,Fall 2025,2025-26,2172.0,34,724,15
academic_unit:department_political_science,Department of Political Science,11,2026_spring,Spring 2026,2025-26,2185.0,35,729,15
academic_unit:department_political_science,Department of Political Science,11,2026_may,Maymester 2026,2025-26,24.0,1,8,1
academic_unit:department_political_science,Department of Political Science,11,2026_summer_1,Summer I 2026,2025-26,63.0,1,21,1
academic_unit:department_political_science,Department of Political Science,11,2026_extended_summer,Extended Summer 2026,2025-26,0,0,0,0
academic_unit:department_political_science,Department of Political Science,11,2026_summer_2,Summer II 2026,2025-26,0,0,0,0
academic_unit:department_political_science,Department of Political Science,11,2026_fall,Fall 2026,2026-27,2118.0,32,706,10
academic_unit:department_political_science,Department of Political Science,11,2027_spring,Spring 2027,2026-27,0.0,1,0,1
academic_unit:department_psychology,Department of Psychology,19,2020_fall,Fall 2020,2020-21,6046.0,74,2202,28
academic_unit:department_psychology,Department of Psychology,19,2021_spring,Spring 2021,2020-21,5404.0,73,1992,26
academic_unit:department_psychology,Department of Psychology,19,2021_may,Maymester 2021,2020-21,131.0,8,47,6
academic_unit:department_psychology,Department of Psychology,19,2021_summer_1,Summer I 2021,2020-21,102.0,6,38,4
academic_unit:department_psychology,Department of Psychology,19,2021_extended_summer,Extended Summer 2021,2020-21,0,0,0,0
academic_unit:department_psychology,Department of Psychology,19,2021_summer_2,Summer II 2021,2020-21,0,0,0,0
academic_unit:department_psychology,Department of Psychology,19,2021_fall,Fall 2021,2021-22,5585.0,78,2041,28
academic_unit:department_psychology,Department of Psychology,19,2022_spring,Spring 2022,2021-22,5203.0,79,1909,24
academic_unit:department_psychology,Department of Psychology,19,2022_may,Maymester 2022,2021-22,180.0,8,70,6
academic_unit:department_psychology,Department of Psychology,19,2022_summer_1,Summer I 2022,2021-22,200.0,8,84,5
academic_unit:department_psychology,Department of Psychology,19,2022_extended_summer,Extended Summer 2022,2021-22,60.0,1,20,1
academic_unit:department_psychology,Department of Psychology,19,2022_summer_2,Summer II 2022,2021-22,0,0,0,0
academic_unit:department_psychology,Department of Psychology,19,2022_fall,Fall 2022,2022-23,5420.0,77,1988,27
academic_unit:department_psychology,Department of Psychology,19,2023_spring,Spring 2023,2022-23,4935.0,76,1843,26
academic_unit:department_psychology,Department of Psychology,19,2023_may,Maymester 2023,2022-23,140.0,8,54,5
academic_unit:department_psychology,Department of Psychology,19,2023_summer_1,Summer I 2023,2022-23,159.0,7,67,4
academic_unit:department_psychology,Department of Psychology,19,2023_extended_summer,Extended Summer 2023,2022-23,0,0,0,0
academic_unit:department_psychology,Department of Psychology,19,2023_summer_2,Summer II 2023,2022-23,1.0,1,1,1
academic_unit:department_psychology,Department of Psychology,19,2023_fall,Fall 2023,2023-24,5166.0,72,1906,26
academic_unit:department_psychology,Department of Psychology,19,2024_spring,Spring 2024,2023-24,4737.0,73,1767,24
academic_unit:department_psychology,Department of Psychology,19,2024_may,Maymester 2024,2023-24,166.0,9,60,6
academic_unit:department_psychology,Department of Psychology,19,2024_summer_1,Summer I 2024,2023-24,109.0,6,43,5
academic_unit:department_psychology,Department of Psychology,19,2024_extended_summer,Extended Summer 2024,2023-24,0,0,0,0
academic_unit:department_psychology,Department of Psychology,19,2024_summer_2,Summer II 2024,2023-24,0,0,0,0
academic_unit:department_psychology,Department of Psychology,19,2024_fall,Fall 2024,2024-25,4907.0,69,1791,25
academic_unit:department_psychology,Department of Psychology,19,2025_spring,Spring 2025,2024-25,4513.0,67,1655,21
academic_unit:department_psychology,Department of Psychology,19,2025_may,Maymester 2025,2024-25,187.0,7,73,5
academic_unit:department_psychology,Department of Psychology,19,2025_summer_1,Summer I 2025,2024-25,89.0,6,35,4
academic_unit:department_psychology,Department of Psychology,19,2025_extended_summer,Extended Summer 2025,2024-25,21.0,1,7,1
academic_unit:department_psychology,Department of Psychology,19,2025_summer_2,Summer II 2025,2024-25,0,0,0,0
academic_unit:department_psychology,Department of Psychology,19,2025_fall,Fall 2025,2025-26,4580.0,75,1666,28
academic_unit:department_psychology,Department of Psychology,19,2026_spring,Spring 2026,2025-26,4409.0,76,1623,23
academic_unit:department_psychology,Department of Psychology,19,2026_may,Maymester 2026,2025-26,96.0,6,36,5
academic_unit:department_psychology,Department of Psychology,19,2026_summer_1,Summer I 2026,2025-26,62.0,5,24,4
academic_unit:department_psychology,Department of Psychology,19,2026_extended_summer,Extended Summer 2026,2025-26,51.0,1,17,1
academic_unit:department_psychology,Department of Psychology,19,2026_summer_2,Summer II 2026,2025-26,46.0,2,16,2
academic_unit:department_psychology,Department of Psychology,19,2026_fall,Fall 2026,2026-27,4367.0,67,1597,22
academic_unit:department_psychology,Department of Psychology,19,2027_spring,Spring 2027,2026-27,0.0,6,0,5
academic_unit:department_sociology_social_work_anthropology,"Department of Sociology, Social Work and Anthropology",17,2020_fall,Fall 2020,2020-21,3214.0,57,1081,20
academic_unit:department_sociology_social_work_anthropology,"Department of Sociology, Social Work and Anthropology",17,2021_spring,Spring 2021,2020-21,2877.0,63,965,19
academic_unit:department_sociology_social_work_anthropology,"Department of Sociology, Social Work and Anthropology",17,2021_may,Maymester 2021,2020-21,153.0,5,51,4
academic_unit:department_sociology_social_work_anthropology,"Department of Sociology, Social Work and Anthropology",17,2021_summer_1,Summer I 2021,2020-21,171.0,5,57,4
academic_unit:department_sociology_social_work_anthropology,"Department of Sociology, Social Work and Anthropology",17,2021_extended_summer,Extended Summer 2021,2020-21,0,0,0,0
academic_unit:department_sociology_social_work_anthropology,"Department of Sociology, Social Work and Anthropology",17,2021_summer_2,Summer II 2021,2020-21,0,0,0,0
academic_unit:department_sociology_social_work_anthropology,"Department of Sociology, Social Work and Anthropology",17,2021_fall,Fall 2021,2021-22,2927.0,61,998,23
academic_unit:department_sociology_social_work_anthropology,"Department of Sociology, Social Work and Anthropology",17,2022_spring,Spring 2022,2021-22,3412.0,71,1144,22
academic_unit:department_sociology_social_work_anthropology,"Department of Sociology, Social Work and Anthropology",17,2022_may,Maymester 2022,2021-22,135.0,5,45,4
academic_unit:department_sociology_social_work_anthropology,"Department of Sociology, Social Work and Anthropology",17,2022_summer_1,Summer I 2022,2021-22,210.0,6,70,4
academic_unit:department_sociology_social_work_anthropology,"Department of Sociology, Social Work and Anthropology",17,2022_extended_summer,Extended Summer 2022,2021-22,0,0,0,0
academic_unit:department_sociology_social_work_anthropology,"Department of Sociology, Social Work and Anthropology",17,2022_summer_2,Summer II 2022,2021-22,0,0,0,0
academic_unit:department_sociology_social_work_anthropology,"Department of Sociology, Social Work and Anthropology",17,2022_fall,Fall 2022,2022-23,3037.0,59,1041,23
academic_unit:department_sociology_social_work_anthropology,"Department of Sociology, Social Work and Anthropology",17,2023_spring,Spring 2023,2022-23,3182.0,72,1103,24
academic_unit:department_sociology_social_work_anthropology,"Department of Sociology, Social Work and Anthropology",17,2023_may,Maymester 2023,2022-23,189.0,5,63,5
academic_unit:department_sociology_social_work_anthropology,"Department of Sociology, Social Work and Anthropology",17,2023_summer_1,Summer I 2023,2022-23,81.0,3,27,3
academic_unit:department_sociology_social_work_anthropology,"Department of Sociology, Social Work and Anthropology",17,2023_extended_summer,Extended Summer 2023,2022-23,21.0,2,21,1
academic_unit:department_sociology_social_work_anthropology,"Department of Sociology, Social Work and Anthropology",17,2023_summer_2,Summer II 2023,2022-23,0,0,0,0
academic_unit:department_sociology_social_work_anthropology,"Department of Sociology, Social Work and Anthropology",17,2023_fall,Fall 2023,2023-24,3454.0,65,1170,24
academic_unit:department_sociology_social_work_anthropology,"Department of Sociology, Social Work and Anthropology",17,2024_spring,Spring 2024,2023-24,3070.0,58,1064,25
academic_unit:department_sociology_social_work_anthropology,"Department of Sociology, Social Work and Anthropology",17,2024_may,Maymester 2024,2023-24,201.0,7,67,6
academic_unit:department_sociology_social_work_anthropology,"Department of Sociology, Social Work and Anthropology",17,2024_summer_1,Summer I 2024,2023-24,174.0,5,58,5
academic_unit:department_sociology_social_work_anthropology,"Department of Sociology, Social Work and Anthropology",17,2024_extended_summer,Extended Summer 2024,2023-24,17.0,1,17,1
academic_unit:department_sociology_social_work_anthropology,"Department of Sociology, Social Work and Anthropology",17,2024_summer_2,Summer II 2024,2023-24,0,0,0,0
academic_unit:department_sociology_social_work_anthropology,"Department of Sociology, Social Work and Anthropology",17,2024_fall,Fall 2024,2024-25,3715.0,63,1269,23
academic_unit:department_sociology_social_work_anthropology,"Department of Sociology, Social Work and Anthropology",17,2025_spring,Spring 2025,2024-25,3360.0,70,1136,27
academic_unit:department_sociology_social_work_anthropology,"Department of Sociology, Social Work and Anthropology",17,2025_may,Maymester 2025,2024-25,228.0,7,76,6
academic_unit:department_sociology_social_work_anthropology,"Department of Sociology, Social Work and Anthropology",17,2025_summer_1,Summer I 2025,2024-25,129.0,4,43,4
academic_unit:department_sociology_social_work_anthropology,"Department of Sociology, Social Work and Anthropology",17,2025_extended_summer,Extended Summer 2025,2024-25,16.0,1,16,1
academic_unit:department_sociology_social_work_anthropology,"Department of Sociology, Social Work and Anthropology",17,2025_summer_2,Summer II 2025,2024-25,12.0,2,4,2
academic_unit:department_sociology_social_work_anthropology,"Department of Sociology, Social Work and Anthropology",17,2025_fall,Fall 2025,2025-26,4268.0,67,1457,23
academic_unit:department_sociology_social_work_anthropology,"Department of Sociology, Social Work and Anthropology",17,2026_spring,Spring 2026,2025-26,3584.0,72,1241,25
academic_unit:department_sociology_social_work_anthropology,"Department of Sociology, Social Work and Anthropology",17,2026_may,Maymester 2026,2025-26,123.0,4,41,4
academic_unit:department_sociology_social_work_anthropology,"Department of Sociology, Social Work and Anthropology",17,2026_summer_1,Summer I 2026,2025-26,162.0,5,54,5
academic_unit:department_sociology_social_work_anthropology,"Department of Sociology, Social Work and Anthropology",17,2026_extended_summer,Extended Summer 2026,2025-26,69.0,2,23,2
academic_unit:department_sociology_social_work_anthropology,"Department of Sociology, Social Work and Anthropology",17,2026_summer_2,Summer II 2026,2025-26,6.0,2,2,2
academic_unit:department_sociology_social_work_anthropology,"Department of Sociology, Social Work and Anthropology",17,2026_fall,Fall 2026,2026-27,4332.0,69,1450,23
academic_unit:department_sociology_social_work_anthropology,"Department of Sociology, Social Work and Anthropology",17,2027_spring,Spring 2027,2026-27,0.0,29,0,10
academic_unit:sec,School of Engineering and Computing,27,2020_fall,Fall 2020,2020-21,7537.0,128,3015,39
academic_unit:sec,School of Engineering and Computing,27,2021_spring,Spring 2021,2020-21,6849.0,127,2768,36
academic_unit:sec,School of Engineering and Computing,27,2021_may,Maymester 2021,2020-21,83.0,4,33,3
academic_unit:sec,School of Engineering and Computing,27,2021_summer_1,Summer I 2021,2020-21,115.0,5,57,3
academic_unit:sec,School of Engineering and Computing,27,2021_extended_summer,Extended Summer 2021,2020-21,0,0,0,0
academic_unit:sec,School of Engineering and Computing,27,2021_summer_2,Summer II 2021,2020-21,14.0,3,10,2
academic_unit:sec,School of Engineering and Computing,27,2021_fall,Fall 2021,2021-22,7336.0,131,2954,40
academic_unit:sec,School of Engineering and Computing,27,2022_spring,Spring 2022,2021-22,6170.0,130,2559,40
academic_unit:sec,School of Engineering and Computing,27,2022_may,Maymester 2022,2021-22,129.0,5,51,3
academic_unit:sec,School of Engineering and Computing,27,2022_summer_1,Summer I 2022,2021-22,155.0,6,79,4
academic_unit:sec,School of Engineering and Computing,27,2022_extended_summer,Extended Summer 2022,2021-22,4.0,1,4,1
academic_unit:sec,School of Engineering and Computing,27,2022_summer_2,Summer II 2022,2021-22,78.0,3,40,2
academic_unit:sec,School of Engineering and Computing,27,2022_fall,Fall 2022,2022-23,7472.0,133,3034,40
academic_unit:sec,School of Engineering and Computing,27,2023_spring,Spring 2023,2022-23,6830.0,132,2780,41
academic_unit:sec,School of Engineering and Computing,27,2023_may,Maymester 2023,2022-23,78.0,3,32,2
academic_unit:sec,School of Engineering and Computing,27,2023_summer_1,Summer I 2023,2022-23,149.0,7,87,5
academic_unit:sec,School of Engineering and Computing,27,2023_extended_summer,Extended Summer 2023,2022-23,0,0,0,0
academic_unit:sec,School of Engineering and Computing,27,2023_summer_2,Summer II 2023,2022-23,42.0,3,26,2
academic_unit:sec,School of Engineering and Computing,27,2023_fall,Fall 2023,2023-24,6943.0,125,2807,38
academic_unit:sec,School of Engineering and Computing,27,2024_spring,Spring 2024,2023-24,6068.0,118,2453,40
academic_unit:sec,School of Engineering and Computing,27,2024_may,Maymester 2024,2023-24,121.0,4,45,2
academic_unit:sec,School of Engineering and Computing,27,2024_summer_1,Summer I 2024,2023-24,177.0,5,95,3
academic_unit:sec,School of Engineering and Computing,27,2024_extended_summer,Extended Summer 2024,2023-24,6.0,1,6,1
academic_unit:sec,School of Engineering and Computing,27,2024_summer_2,Summer II 2024,2023-24,21.0,3,11,2
academic_unit:sec,School of Engineering and Computing,27,2024_fall,Fall 2024,2024-25,6840.0,113,2744,37
academic_unit:sec,School of Engineering and Computing,27,2025_spring,Spring 2025,2024-25,6320.0,114,2553,35
academic_unit:sec,School of Engineering and Computing,27,2025_may,Maymester 2025,2024-25,84.0,2,28,1
academic_unit:sec,School of Engineering and Computing,27,2025_summer_1,Summer I 2025,2024-25,124.0,5,66,3
academic_unit:sec,School of Engineering and Computing,27,2025_extended_summer,Extended Summer 2025,2024-25,3.0,1,3,1
academic_unit:sec,School of Engineering and Computing,27,2025_summer_2,Summer II 2025,2024-25,35.0,5,27,3
academic_unit:sec,School of Engineering and Computing,27,2025_fall,Fall 2025,2025-26,7016.0,119,2839,36
academic_unit:sec,School of Engineering and Computing,27,2026_spring,Spring 2026,2025-26,6728.0,121,2716,39
academic_unit:sec,School of Engineering and Computing,27,2026_may,Maymester 2026,2025-26,111.0,2,37,1
academic_unit:sec,School of Engineering and Computing,27,2026_summer_1,Summer I 2026,2025-26,240.0,7,100,4
academic_unit:sec,School of Engineering and Computing,27,2026_extended_summer,Extended Summer 2026,2025-26,0,0,0,0
academic_unit:sec,School of Engineering and Computing,27,2026_summer_2,Summer II 2026,2025-26,24.0,3,16,2
academic_unit:sec,School of Engineering and Computing,27,2026_fall,Fall 2026,2026-27,6259.0,117,2509,32
academic_unit:sec,School of Engineering and Computing,27,2027_spring,Spring 2027,2026-27,0.0,117,0,31
